Date,1y-3y Avg,3y-5y Avg,5y-10y Avg,Over 10y Avg,Price,3y-5y Avg_A,5y-10y Avg_A,Over 10y Avg_A,Price_A,WTI_oil_b
01/01/2020,,,,,61.33,,,,-3.4296496350364976,-3.4296496350364976
01/02/2020,1.68,1.63,1.64,1.7,61.18,0.5522445820433435,0.33394736842105255,-0.004938080495355823,-3.579649635036496,-3.579649635036496
01/03/2020,1.63,1.57,1.55,1.61,63.05,0.49224458204334365,0.2439473684210527,-0.09493808049535568,-1.7096496350364987,-1.7096496350364987
01/03/2022,,,,,76.08,,,,11.320350364963502,11.320350364963502
01/04/2021,0.19,0.33,0.58,1.11,47.62,-0.7477554179566563,-0.7260526315789474,-0.5949380804953557,-17.1396496350365,-17.1396496350365
01/04/2022,0.98,1.31,1.52,1.82,76.99,0.23224458204334364,0.21394736842105266,0.11506191950464428,12.230350364963499,12.230350364963499
01/05/2021,0.19,0.33,0.6,1.16,49.93,-0.7477554179566563,-0.7060526315789474,-0.5449380804953559,-14.829649635036496,-14.829649635036496
01/05/2022,1.01,1.35,1.56,1.84,77.85,0.2722445820433437,0.2539473684210527,0.1350619195046443,13.090350364963498,13.090350364963498
01/06/2020,1.65,1.6,1.59,1.67,63.27,0.5222445820433437,0.2839473684210527,-0.03493808049535585,-1.4896496350364927,-1.4896496350364927
01/06/2021,0.18,0.34,0.63,1.23,50.63,-0.7377554179566563,-0.6760526315789473,-0.4749380804953558,-14.129649635036493,-14.129649635036493
01/06/2022,1.04,1.41,1.64,1.92,79.46,0.3322445820433435,0.33394736842105255,0.21506191950464415,14.700350364963498,14.700350364963498
01/07/2020,1.66,1.6,1.59,1.68,62.7,0.5222445820433437,0.2839473684210527,-0.02493808049535584,-2.059649635036493,-2.059649635036493
01/07/2021,0.18,0.36,0.67,1.27,50.83,-0.7177554179566564,-0.6360526315789473,-0.43493808049535576,-13.929649635036498,-13.929649635036498
01/07/2022,1.04,1.42,1.65,1.96,78.9,0.3422445820433435,0.34394736842105256,0.2550619195046442,14.14035036496351,14.14035036496351
01/08/2020,1.68,1.63,1.63,1.72,59.61,0.5522445820433435,0.32394736842105254,0.015061919504644194,-5.149649635036496,-5.149649635036496
01/08/2021,0.18,0.37,0.68,1.3,52.24,-0.7077554179566564,-0.6260526315789473,-0.40493808049535573,-12.519649635036494,-12.519649635036494
01/09/2020,1.67,1.61,1.61,1.7,59.56,0.5322445820433437,0.30394736842105274,-0.004938080495355823,-5.199649635036494,-5.199649635036494
01/10/2020,1.69,1.62,1.6,1.68,59.04,0.5422445820433437,0.29394736842105273,-0.02493808049535584,-5.719649635036497,-5.719649635036497
01/10/2022,1.06,1.42,1.65,1.95,78.23,0.3422445820433435,0.34394736842105256,0.24506191950464418,13.470350364963508,13.470350364963508
01/11/2021,0.18,0.38,0.71,1.32,52.25,-0.6977554179566564,-0.5960526315789474,-0.3849380804953557,-12.509649635036496,-12.509649635036496
01/11/2022,1.05,1.41,1.64,1.94,81.22,0.3322445820433435,0.33394736842105255,0.23506191950464417,16.460350364963503,16.460350364963503
01/12/2021,0.17,0.38,0.72,1.34,53.21,-0.6977554179566564,-0.5860526315789474,-0.3649380804953557,-11.549649635036495,-11.549649635036495
01/12/2022,1.09,1.44,1.66,1.97,82.64,0.36224458204334353,0.35394736842105257,0.2650619195046442,17.880350364963505,17.880350364963505
01/13/2020,1.69,1.63,1.62,1.69,58.08,0.5522445820433435,0.31394736842105275,-0.014938080495355832,-6.679649635036498,-6.679649635036498
01/13/2021,0.16,0.36,0.69,1.31,52.91,-0.7177554179566564,-0.6160526315789474,-0.3949380804953557,-11.8496496350365,-11.8496496350365
01/13/2022,1.09,1.43,1.63,1.94,82.12,0.3522445820433435,0.32394736842105254,0.23506191950464417,17.36035036496351,17.36035036496351
01/14/2020,1.69,1.61,1.6,1.68,58.23,0.5322445820433437,0.29394736842105273,-0.02493808049535584,-6.529649635036499,-6.529649635036499
01/14/2021,0.16,0.37,0.72,1.35,53.57,-0.7077554179566564,-0.5860526315789474,-0.3549380804953557,-11.189649635036496,-11.189649635036496
01/14/2022,1.13,1.48,1.69,2.0,83.82,0.40224458204334357,0.3839473684210526,0.2950619195046442,19.060350364963497,19.060350364963497
01/15/2020,1.66,1.57,1.54,1.64,57.81,0.49224458204334365,0.23394736842105268,-0.06493808049535588,-6.949649635036494,-6.949649635036494
01/15/2021,0.15,0.35,0.68,1.3,52.36,-0.7277554179566564,-0.6260526315789473,-0.40493808049535573,-12.399649635036496,-12.399649635036496
01/16/2020,1.67,1.59,1.57,1.66,58.52,0.5122445820433437,0.2639473684210527,-0.04493808049535586,-6.239649635036493,-6.239649635036493
01/16/2022,,,,,83.83,,,,19.070350364963502,19.070350364963502
01/17/2020,1.67,1.6,1.58,1.66,58.54,0.5222445820433437,0.2739473684210527,-0.04493808049535586,-6.219649635036497,-6.219649635036497
01/17/2021,,,,,52.2,,,,-12.559649635036493,-12.559649635036493
01/17/2022,1.2,1.53,1.73,2.03,83.69,0.4522445820433436,0.42394736842105263,0.325061919504644,18.930350364963502,18.930350364963502
01/18/2021,0.14,0.34,0.67,1.3,52.36,-0.7377554179566563,-0.6360526315789473,-0.40493808049535573,-12.399649635036496,-12.399649635036496
01/18/2022,1.25,1.61,1.82,2.1,85.43,0.5322445820433437,0.5139473684210527,0.3950619195046443,20.67035036496351,20.67035036496351
01/19/2020,,,,,59.27,,,,-5.489649635036493,-5.489649635036493
01/19/2021,0.14,0.33,0.67,1.31,52.98,-0.7477554179566563,-0.6360526315789473,-0.3949380804953557,-11.779649635036499,-11.779649635036499
01/19/2022,1.24,1.61,1.8,2.07,86.96,0.5322445820433437,0.4939473684210527,0.36506191950464406,22.200350364963498,22.200350364963498
01/20/2020,1.67,1.6,1.58,1.66,58.73,0.5222445820433437,0.2739473684210527,-0.04493808049535586,-6.029649635036499,-6.029649635036499
01/20/2021,0.16,0.35,0.69,1.33,53.24,-0.7277554179566564,-0.6160526315789474,-0.3749380804953557,-11.519649635036494,-11.519649635036494
01/20/2022,1.25,1.6,1.79,2.06,86.9,0.5222445820433437,0.4839473684210527,0.3550619195046443,22.14035036496351,22.14035036496351
01/21/2020,1.65,1.55,1.52,1.6,58.34,0.47224458204334363,0.21394736842105266,-0.10493808049535569,-6.419649635036492,-6.419649635036492
01/21/2021,0.17,0.36,0.73,1.36,53.13,-0.7177554179566564,-0.5760526315789474,-0.3449380804953557,-11.629649635036493,-11.629649635036493
01/21/2022,1.2,1.54,1.72,1.99,85.14,0.4622445820433436,0.4139473684210526,0.2850619195046442,20.380350364963505,20.380350364963505
01/22/2020,1.57,1.48,1.46,1.55,56.74,0.40224458204334357,0.1539473684210526,-0.15493808049535573,-8.019649635036494,-8.019649635036494
01/22/2021,0.17,0.36,0.71,1.34,52.27,-0.7177554179566564,-0.5960526315789474,-0.3649380804953557,-12.489649635036493,-12.489649635036493
01/23/2020,1.55,1.45,1.43,1.52,55.59,0.37224458204334354,0.12394736842105258,-0.18493808049535576,-9.169649635036492,-9.169649635036492
01/24/2020,1.53,1.41,1.38,1.47,54.19,0.3322445820433435,0.07394736842105254,-0.2349380804953558,-10.569649635036498,-10.569649635036498
01/24/2022,1.2,1.55,1.74,2.04,83.31,0.47224458204334363,0.43394736842105264,0.33506191950464426,18.550350364963506,18.550350364963506
01/25/2021,0.17,0.34,0.68,1.32,52.77,-0.7377554179566563,-0.6260526315789473,-0.3849380804953557,-11.989649635036493,-11.989649635036493
01/25/2022,1.21,1.56,1.74,2.05,85.6,0.48224458204334364,0.43394736842105264,0.34506191950464404,20.8403503649635,20.8403503649635
01/26/2021,0.16,0.34,0.68,1.33,52.61,-0.7377554179566563,-0.6260526315789473,-0.3749380804953557,-12.149649635036496,-12.149649635036496
01/26/2022,1.22,1.59,1.78,2.07,87.35,0.5122445820433437,0.4739473684210527,0.36506191950464406,22.5903503649635,22.5903503649635
01/27/2020,1.48,1.35,1.31,1.41,53.14,0.2722445820433437,0.003947368421052699,-0.29493808049535586,-11.619649635036495,-11.619649635036495
01/27/2021,0.15,0.33,0.67,1.32,52.85,-0.7477554179566563,-0.6360526315789473,-0.3849380804953557,-11.909649635036494,-11.909649635036494
01/27/2022,1.23,1.57,1.72,2.0,86.61,0.49224458204334365,0.4139473684210526,0.2950619195046442,21.850350364963504,21.850350364963504
01/28/2020,1.52,1.41,1.38,1.47,53.48,0.3322445820433435,0.07394736842105254,-0.2349380804953558,-11.279649635036499,-11.279649635036499
01/28/2021,0.15,0.33,0.68,1.35,52.34,-0.7477554179566563,-0.6260526315789473,-0.3549380804953557,-12.419649635036492,-12.419649635036492
01/28/2022,1.2,1.55,1.71,2.0,86.82,0.47224458204334363,0.4039473684210526,0.2950619195046442,22.060350364963497,22.060350364963497
01/29/2020,1.51,1.38,1.33,1.42,53.33,0.3022445820433435,0.023947368421052717,-0.28493808049535585,-11.429649635036498,-11.429649635036498
01/29/2021,0.14,0.34,0.7,1.35,52.2,-0.7377554179566563,-0.6060526315789474,-0.3549380804953557,-12.559649635036493,-12.559649635036493
01/30/2020,1.51,1.38,1.33,1.43,52.14,0.3022445820433435,0.023947368421052717,-0.27493808049535584,-12.619649635036495,-12.619649635036495
01/31/2020,1.47,1.33,1.28,1.39,51.56,0.25224458204334366,-0.026052631578947327,-0.3149380804953559,-13.199649635036494,-13.199649635036494
01/31/2022,1.23,1.56,1.72,2.05,88.15,0.48224458204334364,0.4139473684210526,0.34506191950464404,23.39035036496351,23.39035036496351
02/01/2021,0.14,0.33,0.69,1.35,53.55,-0.7477554179566563,-0.6160526315789474,-0.3549380804953557,-11.209649635036499,-11.209649635036499
02/01/2022,1.24,1.57,1.74,2.07,88.2,0.49224458204334365,0.43394736842105264,0.36506191950464406,23.440350364963507,23.440350364963507
02/02/2021,0.15,0.34,0.71,1.37,54.76,-0.7377554179566563,-0.5960526315789474,-0.3349380804953557,-9.999649635036498,-9.999649635036498
02/02/2022,1.22,1.53,1.7,2.04,88.26,0.4522445820433436,0.3939473684210526,0.33506191950464426,23.50035036496351,23.50035036496351
02/03/2020,1.46,1.32,1.27,1.38,50.11,0.24224458204334365,-0.036052631578947336,-0.3249380804953559,-14.649649635036496,-14.649649635036496
02/03/2021,0.17,0.37,0.75,1.4,55.69,-0.7077554179566564,-0.5560526315789474,-0.30493808049535587,-9.069649635036498,-9.069649635036498
02/03/2022,1.22,1.55,1.73,2.06,90.27,0.47224458204334363,0.42394736842105263,0.3550619195046443,25.5103503649635,25.5103503649635
02/04/2020,1.51,1.39,1.34,1.43,49.61,0.3122445820433435,0.033947368421052726,-0.27493808049535584,-15.149649635036496,-15.149649635036496
02/04/2021,0.17,0.38,0.76,1.43,56.23,-0.6977554179566564,-0.5460526315789473,-0.27493808049535584,-8.529649635036499,-8.529649635036499
02/04/2022,1.29,1.62,1.8,2.1,92.31,0.5422445820433437,0.4939473684210527,0.3950619195046443,27.550350364963506,27.550350364963506
02/05/2020,1.54,1.43,1.4,1.48,50.75,0.3522445820433435,0.09394736842105256,-0.2249380804953558,-14.009649635036496,-14.009649635036496
02/05/2021,0.17,0.39,0.79,1.47,56.85,-0.6877554179566564,-0.5160526315789473,-0.2349380804953558,-7.909649635036494,-7.909649635036494
02/06/2020,1.53,1.42,1.38,1.46,50.95,0.3422445820433435,0.07394736842105254,-0.24493808049535581,-13.809649635036493,-13.809649635036493
02/07/2020,1.51,1.39,1.34,1.41,50.32,0.3122445820433435,0.033947368421052726,-0.29493808049535586,-14.439649635036496,-14.439649635036496
02/07/2022,1.27,1.59,1.78,2.09,91.32,0.5122445820433437,0.4739473684210527,0.3850619195046441,26.560350364963497,26.560350364963497
02/08/2021,0.18,0.39,0.8,1.47,57.97,-0.6877554179566564,-0.5060526315789473,-0.2349380804953558,-6.789649635036497,-6.789649635036497
02/08/2022,1.28,1.61,1.81,2.13,89.36,0.5322445820433437,0.5039473684210527,0.4250619195046441,24.600350364963504,24.600350364963504
02/09/2021,0.17,0.39,0.79,1.46,58.36,-0.6877554179566564,-0.5160526315789473,-0.24493808049535581,-6.399649635036496,-6.399649635036496
02/09/2022,1.29,1.6,1.8,2.13,89.66,0.5222445820433437,0.4939473684210527,0.4250619195046441,24.9003503649635,24.9003503649635
02/10/2020,1.48,1.36,1.32,1.39,49.57,0.2822445820433437,0.013947368421052708,-0.3149380804953559,-15.189649635036496,-15.189649635036496
02/10/2021,0.17,0.39,0.79,1.46,58.68,-0.6877554179566564,-0.5160526315789473,-0.24493808049535581,-6.079649635036496,-6.079649635036496
02/10/2022,1.42,1.74,1.9,2.2,89.88,0.6622445820433436,0.5939473684210526,0.4950619195046444,25.1203503649635,25.1203503649635
02/11/2020,1.51,1.4,1.36,1.44,49.94,0.3222445820433435,0.053947368421052744,-0.26493808049535583,-14.819649635036498,-14.819649635036498
02/11/2021,0.17,0.38,0.79,1.47,58.24,-0.6977554179566564,-0.5160526315789473,-0.2349380804953558,-6.519649635036494,-6.519649635036494
02/11/2022,1.38,1.65,1.8,2.13,93.1,0.5722445820433435,0.4939473684210527,0.4250619195046441,28.3403503649635,28.3403503649635
02/12/2020,1.54,1.44,1.4,1.48,51.17,0.36224458204334353,0.09394736842105256,-0.2249380804953558,-13.589649635036494,-13.589649635036494
02/12/2021,0.17,0.39,0.82,1.51,59.47,-0.6877554179566564,-0.4860526315789474,-0.19493808049535577,-5.289649635036497,-5.289649635036497
02/13/2020,1.55,1.44,1.4,1.48,51.42,0.36224458204334353,0.09394736842105256,-0.2249380804953558,-13.339649635036494,-13.339649635036494
02/14/2020,1.52,1.42,1.38,1.46,52.05,0.3422445820433435,0.07394736842105254,-0.24493808049535581,-12.709649635036499,-12.709649635036499
02/14/2021,,,,,60.37,,,,-4.389649635036498,-4.389649635036498
02/14/2022,1.43,1.71,1.87,2.19,95.46,0.6322445820433436,0.5639473684210528,0.48506191950464417,30.700350364963498,30.700350364963498
02/15/2021,,,,,60.09,,,,-4.669649635036492,-4.669649635036492
02/15/2022,1.47,1.75,1.92,2.22,92.07,0.6722445820433436,0.6139473684210526,0.5150619195046444,27.310350364963497,27.310350364963497
02/16/2020,,,,,52.36,,,,-12.399649635036496,-12.399649635036496
02/16/2021,0.2,0.45,0.9,1.6,60.05,-0.6277554179566565,-0.40605263157894733,-0.10493808049535569,-4.709649635036499,-4.709649635036499
02/16/2022,1.45,1.73,1.9,2.21,93.66,0.6522445820433436,0.5939473684210526,0.5050619195046442,28.9003503649635,28.9003503649635
02/17/2020,,,,,52.2,,,,-12.559649635036493,-12.559649635036493
02/17/2021,0.2,0.45,0.89,1.58,61.14,-0.6277554179566565,-0.41605263157894734,-0.12493808049535571,-3.6196496350364953,-3.6196496350364953
02/17/2022,1.43,1.69,1.86,2.17,91.76,0.6122445820433435,0.5539473684210527,0.46506191950464415,27.00035036496351,27.00035036496351
02/18/2020,1.5,1.39,1.34,1.42,52.05,0.3122445820433435,0.033947368421052726,-0.28493808049535585,-12.709649635036499,-12.709649635036499
02/18/2021,0.21,0.47,0.92,1.61,60.52,-0.6077554179566564,-0.3860526315789473,-0.09493808049535568,-4.239649635036493,-4.239649635036493
02/18/2022,1.41,1.66,1.82,2.15,91.07,0.5822445820433435,0.5139473684210527,0.44506191950464413,26.310350364963497,26.310350364963497
02/19/2020,1.52,1.41,1.37,1.44,53.29,0.3322445820433435,0.06394736842105275,-0.26493808049535583,-11.469649635036497,-11.469649635036497
02/19/2021,0.22,0.51,0.99,1.68,59.24,-0.5677554179566564,-0.31605263157894736,-0.02493808049535584,-5.519649635036494,-5.519649635036494
02/20/2020,1.48,1.38,1.32,1.4,53.78,0.3022445820433435,0.013947368421052708,-0.30493808049535587,-10.979649635036495,-10.979649635036495
02/20/2022,,,,,91.62,,,,26.86035036496351,26.86035036496351
02/21/2020,1.45,1.34,1.29,1.36,53.38,0.26224458204334367,-0.01605263157894732,-0.3449380804953557,-11.379649635036493,-11.379649635036493
02/21/2022,,,,,92.65,,,,27.89035036496351,27.89035036496351
02/22/2021,0.22,0.53,1.01,1.71,61.49,-0.5477554179566564,-0.29605263157894735,0.005061919504644186,-3.269649635036494,-3.269649635036494
02/22/2022,1.45,1.69,1.86,2.18,92.35,0.6122445820433435,0.5539473684210527,0.4750619195046444,27.5903503649635,27.5903503649635
02/23/2021,0.22,0.54,1.03,1.75,61.67,-0.5377554179566564,-0.2760526315789473,0.04506191950464422,-3.089649635036494,-3.089649635036494
02/23/2022,1.49,1.73,1.92,2.24,92.1,0.6522445820433436,0.6139473684210526,0.5350619195046444,27.3403503649635,27.3403503649635
02/24/2020,1.39,1.26,1.21,1.29,51.43,0.1822445820433436,-0.09605263157894739,-0.41493808049535574,-13.329649635036496,-13.329649635036496
02/24/2021,0.23,0.58,1.09,1.77,63.22,-0.49775541795665645,-0.21605263157894727,0.06506191950464424,-1.539649635036497,-1.539649635036497
02/24/2022,1.44,1.68,1.86,2.2,92.81,0.6022445820433435,0.5539473684210527,0.4950619195046444,28.050350364963506,28.050350364963506
02/25/2020,1.37,1.24,1.2,1.29,49.9,0.16224458204334358,-0.1060526315789474,-0.41493808049535574,-14.859649635036497,-14.859649635036497
02/25/2021,0.32,0.75,1.26,1.83,63.53,-0.3277554179566564,-0.046052631578947345,0.1250619195046443,-1.2296496350364947,-1.2296496350364947
02/25/2022,1.45,1.68,1.85,2.18,91.59,0.6022445820433435,0.5439473684210527,0.4750619195046444,26.830350364963508,26.830350364963508
02/26/2020,1.37,1.25,1.22,1.32,48.73,0.17224458204334359,-0.08605263157894738,-0.3849380804953557,-16.0296496350365,-16.0296496350365
02/26/2021,0.3,0.7,1.17,1.69,61.5,-0.37775541795665646,-0.13605263157894742,-0.014938080495355832,-3.259649635036496,-3.259649635036496
02/27/2020,1.3,1.19,1.16,1.28,47.09,0.11224458204334353,-0.14605263157894743,-0.42493808049535575,-17.669649635036492,-17.669649635036492
02/28/2020,1.19,1.1,1.1,1.26,44.76,0.022244582043343675,-0.20605263157894727,-0.44493808049535577,-19.999649635036498,-19.999649635036498
02/28/2022,1.37,1.59,1.78,2.13,95.72,0.5122445820433437,0.4739473684210527,0.4250619195046441,30.960350364963503,30.960350364963503
03/01/2021,0.25,0.63,1.15,1.69,60.64,-0.4477554179566564,-0.15605263157894744,-0.014938080495355832,-4.119649635036495,-4.119649635036495
03/01/2022,1.25,1.43,1.62,1.99,103.41,0.3522445820433435,0.31394736842105275,0.2850619195046442,38.6503503649635,38.6503503649635
03/02/2020,1.19,1.09,1.11,1.29,46.75,0.012244582043343666,-0.19605263157894726,-0.41493808049535574,-18.009649635036496,-18.009649635036496
03/02/2021,0.25,0.66,1.18,1.7,59.75,-0.4177554179566564,-0.12605263157894742,-0.004938080495355823,-5.009649635036496,-5.009649635036496
03/02/2022,1.41,1.58,1.73,2.06,110.6,0.5022445820433437,0.42394736842105263,0.3550619195046443,45.8403503649635,45.8403503649635
03/03/2020,0.99,0.91,0.94,1.16,47.18,-0.16775541795665638,-0.3660526315789474,-0.5449380804953559,-17.579649635036496,-17.579649635036496
03/03/2021,0.27,0.7,1.25,1.74,61.28,-0.37775541795665646,-0.056052631578947354,0.03506191950464421,-3.4796496350364947,-3.4796496350364947
03/03/2022,1.43,1.56,1.7,2.03,107.67,0.48224458204334364,0.3939473684210526,0.325061919504644,42.910350364963506,42.910350364963506
03/04/2020,0.95,0.89,0.95,1.2,46.78,-0.1877554179566564,-0.3560526315789474,-0.5049380804953558,-17.979649635036495,-17.979649635036495
03/04/2021,0.29,0.76,1.32,1.82,63.83,-0.3177554179566564,0.013947368421052708,0.11506191950464428,-0.9296496350364976,-0.9296496350364976
03/04/2022,1.33,1.44,1.57,1.96,115.68,0.36224458204334353,0.2639473684210527,0.2550619195046442,50.92035036496351,50.92035036496351
03/05/2020,0.81,0.75,0.81,1.04,45.9,-0.3277554179566564,-0.4960526315789473,-0.6649380804953557,-18.859649635036497,-18.859649635036497
03/05/2021,0.3,0.76,1.33,1.8,66.09,-0.3177554179566564,0.023947368421052717,0.09506191950464427,1.3303503649635076,1.3303503649635076
03/06/2020,0.72,0.67,0.71,0.52,41.28,-0.4077554179566564,-0.5960526315789474,-1.1849380804953558,-23.479649635036495,-23.479649635036495
03/07/2022,1.36,1.49,1.63,2.02,119.4,0.4122445820433436,0.32394736842105254,0.31506191950464424,54.64035036496351,54.64035036496351
03/08/2021,0.29,0.78,1.37,1.84,65.05,-0.2977554179566564,0.06394736842105275,0.1350619195046443,0.2903503649635013,0.2903503649635013
03/08/2022,1.41,1.58,1.74,2.12,123.7,0.5022445820433437,0.43394736842105264,0.4150619195046443,58.94035036496351,58.94035036496351
03/09/2020,0.55,0.53,0.54,0.67,31.13,-0.5477554179566564,-0.7660526315789473,-1.0349380804953556,-33.6296496350365,-33.6296496350365
03/09/2021,0.28,0.74,1.3,1.77,64.01,-0.3377554179566564,-0.0060526315789473095,0.06506191950464424,-0.7496496350364907,-0.7496496350364907
03/09/2022,1.45,1.62,1.8,2.19,108.7,0.5422445820433437,0.4939473684210527,0.48506191950464417,43.94035036496351,43.94035036496351
03/10/2020,0.58,0.59,0.62,0.83,34.36,-0.48775541795665645,-0.6860526315789474,-0.8749380804953558,-30.399649635036496,-30.399649635036496
03/10/2021,0.25,0.69,1.25,1.76,64.44,-0.38775541795665647,-0.056052631578947354,0.05506191950464423,-0.3196496350364981,-0.3196496350364981
03/10/2022,1.5,1.67,1.84,2.24,106.02,0.5922445820433435,0.5339473684210527,0.5350619195046444,41.2603503649635,41.2603503649635
03/11/2020,0.53,0.54,0.62,0.93,32.98,-0.5377554179566564,-0.6860526315789474,-0.7749380804953557,-31.7796496350365,-31.7796496350365
03/11/2021,0.26,0.7,1.27,1.8,66.02,-0.37775541795665646,-0.036052631578947336,0.09506191950464427,1.2603503649635002,1.2603503649635002
03/11/2022,1.6,1.77,1.91,2.28,109.33,0.6922445820433436,0.6039473684210526,0.575061919504644,44.5703503649635,44.5703503649635
03/12/2020,0.51,0.52,0.6,1.0,31.5,-0.5577554179566564,-0.7060526315789474,-0.7049380804953558,-33.259649635036496,-33.259649635036496
03/12/2021,0.32,0.8,1.41,1.94,65.61,-0.27775541795665637,0.10394736842105257,0.23506191950464417,0.8503503649635036,0.8503503649635036
03/13/2020,0.53,0.62,0.76,1.19,31.73,-0.4577554179566564,-0.5460526315789473,-0.5149380804953558,-33.02964963503649,-33.02964963503649
03/14/2022,1.71,1.9,2.07,2.42,103.01,0.8222445820433435,0.7639473684210525,0.7150619195046442,38.25035036496351,38.25035036496351
03/15/2021,0.31,0.79,1.37,1.91,65.39,-0.2877554179566564,0.06394736842105275,0.20506191950464414,0.6303503649635047,0.6303503649635047
03/15/2022,1.74,1.94,2.1,2.47,96.44,0.8622445820433435,0.7939473684210527,0.7650619195046444,31.680350364963502,31.680350364963502
03/16/2020,0.5,0.59,0.72,1.14,28.7,-0.48775541795665645,-0.5860526315789474,-0.5649380804953559,-36.05964963503649,-36.05964963503649
03/16/2021,0.31,0.8,1.4,1.94,64.8,-0.27775541795665637,0.09394736842105256,0.23506191950464417,0.040350364963501306,0.040350364963501306
03/16/2022,1.83,1.99,2.11,2.39,95.04,0.9122445820433436,0.8039473684210525,0.6850619195046443,30.28035036496351,30.28035036496351
03/17/2020,0.66,0.77,0.88,1.28,26.95,-0.3077554179566564,-0.42605263157894735,-0.42493808049535575,-37.80964963503649,-37.80964963503649
03/17/2021,0.28,0.76,1.4,1.99,64.6,-0.3177554179566564,0.09394736842105256,0.2850619195046442,-0.15964963503650154,-0.15964963503650154
03/17/2022,1.83,2.0,2.13,2.41,102.98,0.9222445820433436,0.8239473684210525,0.7050619195046444,38.22035036496351,38.22035036496351
03/18/2020,0.73,0.89,1.02,1.37,20.37,-0.1877554179566564,-0.28605263157894734,-0.3349380804953557,-44.38964963503649,-44.38964963503649
03/18/2021,0.28,0.78,1.43,2.0,60.0,-0.2977554179566564,0.12394736842105258,0.2950619195046442,-4.759649635036496,-4.759649635036496
03/18/2022,1.83,1.99,2.12,2.38,104.7,0.9122445820433436,0.8139473684210528,0.6750619195046441,39.94035036496351,39.94035036496351
03/19/2020,0.68,0.81,0.95,1.33,25.22,-0.26775541795665636,-0.3560526315789474,-0.3749380804953557,-39.5396496350365,-39.5396496350365
03/19/2021,0.27,0.77,1.41,1.97,61.42,-0.3077554179566564,0.10394736842105257,0.2650619195046442,-3.339649635036494,-3.339649635036494
03/20/2020,0.61,0.73,0.83,1.18,22.43,-0.34775541795665643,-0.4760526315789474,-0.5249380804953558,-42.329649635036496,-42.329649635036496
03/21/2022,1.96,2.15,2.28,2.48,112.12,1.0722445820433435,0.9739473684210525,0.7750619195046442,47.36035036496351,47.36035036496351
03/22/2021,0.27,0.76,1.37,1.94,61.55,-0.3177554179566564,0.06394736842105275,0.23506191950464417,-3.2096496350364987,-3.2096496350364987
03/22/2022,2.02,2.23,2.37,2.58,111.76,1.1522445820433436,1.0639473684210528,0.8750619195046443,47.00035036496351,47.00035036496351
03/23/2020,0.56,0.65,0.74,1.15,23.36,-0.4277554179566564,-0.5660526315789474,-0.5549380804953559,-41.399649635036496,-41.399649635036496
03/23/2021,0.26,0.73,1.32,1.88,57.76,-0.34775541795665643,0.013947368421052708,0.17506191950464411,-6.999649635036498,-6.999649635036498
03/23/2022,1.99,2.17,2.23,2.44,114.93,1.0922445820433435,0.9239473684210526,0.7350619195046442,50.17035036496351,50.17035036496351
03/24/2020,0.64,0.72,0.81,1.21,24.01,-0.35775541795665644,-0.4960526315789473,-0.4949380804953558,-40.74964963503649,-40.74964963503649
03/24/2021,0.24,0.7,1.29,1.84,61.18,-0.37775541795665646,-0.01605263157894732,0.1350619195046443,-3.579649635036496,-3.579649635036496
03/24/2022,2.07,2.24,2.3,2.48,112.34,1.1622445820433438,0.9939473684210525,0.7750619195046442,47.58035036496351,47.58035036496351
03/25/2020,0.66,0.75,0.84,1.25,24.49,-0.3277554179566564,-0.4660526315789474,-0.4549380804953558,-40.2696496350365,-40.2696496350365
03/25/2021,0.23,0.68,1.28,1.84,58.56,-0.39775541795665637,-0.026052631578947327,0.1350619195046443,-6.199649635036494,-6.199649635036494
03/25/2022,2.26,2.46,2.52,2.58,113.9,1.3822445820433436,1.2139473684210527,0.8750619195046443,49.14035036496351,49.14035036496351
03/26/2020,0.64,0.73,0.81,1.23,22.6,-0.34775541795665643,-0.4960526315789473,-0.4749380804953558,-42.159649635036494,-42.159649635036494
03/26/2021,0.23,0.7,1.32,1.88,60.97,-0.37775541795665646,0.013947368421052708,0.17506191950464411,-3.789649635036497,-3.789649635036497
03/27/2020,0.47,0.59,0.68,1.15,21.51,-0.48775541795665645,-0.6260526315789473,-0.5549380804953559,-43.24964963503649,-43.24964963503649
03/28/2022,2.27,2.44,2.49,2.52,105.96,1.3622445820433435,1.1839473684210529,0.8150619195046442,41.2003503649635,41.2003503649635
03/29/2021,0.23,0.73,1.36,1.92,61.56,-0.34775541795665643,0.053947368421052744,0.21506191950464415,-3.1996496350364936,-3.1996496350364936
03/29/2022,2.24,2.42,2.46,2.5,104.24,1.3422445820433435,1.1539473684210526,0.7950619195046442,39.4803503649635,39.4803503649635
03/30/2020,0.47,0.59,0.7,1.19,20.09,-0.48775541795665645,-0.6060526315789474,-0.5149380804953558,-44.66964963503649,-44.66964963503649
03/30/2021,0.23,0.73,1.36,1.88,60.55,-0.34775541795665643,0.053947368421052744,0.17506191950464411,-4.209649635036499,-4.209649635036499
03/30/2022,2.21,2.4,2.42,2.45,107.82,1.3222445820433435,1.1139473684210526,0.7450619195046444,43.0603503649635,43.0603503649635
03/31/2020,0.46,0.57,0.66,1.18,20.48,-0.5077554179566565,-0.6460526315789473,-0.5249380804953558,-44.27964963503649,-44.27964963503649
03/31/2021,0.23,0.74,1.39,1.9,59.16,-0.3377554179566564,0.08394736842105255,0.19506191950464413,-5.599649635036499,-5.599649635036499
03/31/2022,2.17,2.37,2.38,2.41,100.28,1.2922445820433437,1.0739473684210525,0.7050619195046444,35.520350364963505,35.520350364963505
04/01/2020,0.44,0.53,0.59,1.08,20.31,-0.5477554179566564,-0.7160526315789474,-0.6249380804953557,-44.449649635036494,-44.449649635036494
04/01/2021,0.23,0.73,1.34,1.88,61.45,-0.34775541795665643,0.033947368421052726,0.17506191950464411,-3.309649635036493,-3.309649635036493
04/01/2022,2.24,2.44,2.44,2.42,99.27,1.3622445820433435,1.1339473684210526,0.7150619195046442,34.5103503649635,34.5103503649635
04/02/2020,0.45,0.56,0.62,1.1,25.32,-0.5177554179566564,-0.6860526315789474,-0.6049380804953557,-39.439649635036496,-39.439649635036496
04/03/2020,0.44,0.55,0.62,1.09,28.34,-0.5277554179566564,-0.6860526315789474,-0.6149380804953557,-36.41964963503649,-36.41964963503649
04/04/2022,2.21,2.42,2.43,2.41,103.28,1.3422445820433435,1.1239473684210528,0.7050619195046444,38.520350364963505,38.520350364963505
04/05/2021,0.27,0.82,1.39,1.91,58.65,-0.25775541795665646,0.08394736842105255,0.20506191950464414,-6.109649635036497,-6.109649635036497
04/05/2022,2.28,2.5,2.51,2.49,101.96,1.4222445820433436,1.2039473684210524,0.7850619195046444,37.2003503649635,37.2003503649635
04/06/2020,0.47,0.6,0.67,1.12,26.08,-0.47775541795665644,-0.6360526315789473,-0.5849380804953557,-38.6796496350365,-38.6796496350365
04/06/2021,0.26,0.77,1.33,1.84,59.33,-0.3077554179566564,0.023947368421052717,0.1350619195046443,-5.429649635036498,-5.429649635036498
04/06/2022,2.28,2.48,2.52,2.5,96.23,1.4022445820433436,1.2139473684210527,0.7950619195046442,31.470350364963508,31.470350364963508
04/07/2020,0.48,0.62,0.72,1.19,23.63,-0.4577554179566564,-0.5860526315789474,-0.5149380804953558,-41.1296496350365,-41.1296496350365
04/07/2021,0.26,0.76,1.33,1.86,59.77,-0.3177554179566564,0.023947368421052717,0.15506191950464432,-4.989649635036493,-4.989649635036493
04/07/2022,2.27,2.49,2.55,2.56,96.03,1.4122445820433438,1.2439473684210525,0.8550619195046443,31.270350364963505,31.270350364963505
04/08/2020,0.45,0.59,0.69,1.19,25.09,-0.48775541795665645,-0.6160526315789474,-0.5149380804953558,-39.66964963503649,-39.66964963503649
04/08/2021,0.25,0.74,1.3,1.83,59.6,-0.3377554179566564,-0.0060526315789473095,0.1250619195046443,-5.159649635036494,-5.159649635036494
04/08/2022,2.34,2.56,2.61,2.62,98.26,1.4822445820433436,1.3039473684210525,0.9150619195046443,33.50035036496351,33.50035036496351
04/09/2020,0.41,0.54,0.64,1.17,22.76,-0.5377554179566564,-0.6660526315789473,-0.5349380804953558,-41.99964963503649,-41.99964963503649
04/09/2021,0.27,0.77,1.34,1.85,59.32,-0.3077554179566564,0.033947368421052726,0.1450619195046443,-5.439649635036496,-5.439649635036496
04/11/2022,2.34,2.59,2.67,2.69,94.29,1.5122445820433434,1.3639473684210526,0.9850619195046442,29.53035036496351,29.53035036496351
04/12/2021,0.28,0.78,1.35,1.86,59.7,-0.2977554179566564,0.043947368421052735,0.15506191950464432,-5.059649635036493,-5.059649635036493
04/12/2022,2.26,2.49,2.6,2.64,100.6,1.4122445820433438,1.2939473684210527,0.9350619195046443,35.8403503649635,35.8403503649635
04/13/2020,0.4,0.52,0.62,1.16,22.41,-0.5577554179566564,-0.6860526315789474,-0.5449380804953559,-42.3496496350365,-42.3496496350365
04/13/2021,0.27,0.76,1.34,1.86,60.18,-0.3177554179566564,0.033947368421052726,0.15506191950464432,-4.579649635036496,-4.579649635036496
04/13/2022,2.27,2.48,2.6,2.64,104.25,1.4022445820433436,1.2939473684210527,0.9350619195046443,39.490350364963504,39.490350364963504
04/14/2020,0.38,0.5,0.6,1.22,20.11,-0.5777554179566564,-0.7060526315789474,-0.4849380804953558,-44.649649635036496,-44.649649635036496
04/14/2021,0.28,0.77,1.35,1.88,63.15,-0.3077554179566564,0.043947368421052735,0.17506191950464411,-1.6096496350364973,-1.6096496350364973
04/14/2022,2.35,2.58,2.71,2.74,106.95,1.5022445820433437,1.4039473684210526,1.0350619195046444,42.19035036496351,42.19035036496351
04/15/2020,0.34,0.42,0.49,1.12,19.87,-0.6577554179566565,-0.8160526315789474,-0.5849380804953557,-44.88964963503649,-44.88964963503649
04/15/2021,0.27,0.73,1.28,1.81,63.46,-0.34775541795665643,-0.026052631578947327,0.10506191950464427,-1.299649635036495,-1.299649635036495
04/16/2020,0.34,0.41,0.48,1.07,19.87,-0.6677554179566565,-0.8260526315789474,-0.6349380804953557,-44.88964963503649,-44.88964963503649
04/16/2021,0.29,0.77,1.35,1.9,63.13,-0.3077554179566564,0.043947368421052735,0.19506191950464413,-1.6296496350364933,-1.6296496350364933
04/17/2020,0.36,0.43,0.51,1.11,18.27,-0.6477554179566565,-0.7960526315789473,-0.5949380804953557,-46.4896496350365,-46.4896496350365
04/18/2022,2.36,2.6,2.74,2.77,108.21,1.5222445820433437,1.4339473684210529,1.0650619195046442,43.4503503649635,43.4503503649635
04/19/2021,0.3,0.77,1.35,1.94,63.38,-0.3077554179566564,0.043947368421052735,0.23506191950464417,-1.3796496350364933,-1.3796496350364933
04/19/2022,2.45,2.67,2.79,2.81,102.56,1.5922445820433435,1.4839473684210527,1.1050619195046443,37.800350364963506,37.800350364963506
04/20/2020,0.35,0.42,0.5,1.09,-37.63,-0.6577554179566565,-0.8060526315789474,-0.6149380804953557,-102.3896496350365,-102.3896496350365
04/20/2021,0.29,0.74,1.31,1.92,62.44,-0.3377554179566564,0.003947368421052699,0.21506191950464415,-2.319649635036498,-2.319649635036498
04/20/2022,2.51,2.72,2.79,2.8,102.75,1.6422445820433438,1.4839473684210527,1.095061919504644,37.990350364963504,37.990350364963504
04/21/2020,0.33,0.39,0.47,1.04,10.01,-0.6877554179566564,-0.8360526315789474,-0.6649380804953557,-54.7496496350365,-54.7496496350365
04/21/2021,0.3,0.76,1.33,1.93,61.35,-0.3177554179566564,0.023947368421052717,0.22506191950464416,-3.4096496350364944,-3.4096496350364944
04/21/2022,2.56,2.78,2.85,2.86,103.79,1.7022445820433434,1.5439473684210527,1.155061919504644,39.03035036496351,39.03035036496351
04/22/2020,0.34,0.42,0.5,1.05,13.78,-0.6577554179566565,-0.8060526315789474,-0.6549380804953557,-50.979649635036495,-50.979649635036495
04/22/2021,0.3,0.76,1.33,1.93,61.43,-0.3177554179566564,0.023947368421052717,0.22506191950464416,-3.329649635036496,-3.329649635036496
04/22/2022,2.59,2.77,2.83,2.85,102.07,1.6922445820433436,1.5239473684210527,1.1450619195046443,37.3103503649635,37.3103503649635
04/23/2020,0.33,0.42,0.49,1.03,16.5,-0.6577554179566565,-0.8160526315789474,-0.6749380804953558,-48.259649635036496,-48.259649635036496
04/23/2021,0.31,0.76,1.33,1.94,62.14,-0.3177554179566564,0.023947368421052717,0.23506191950464417,-2.6196496350364953,-2.6196496350364953
04/24/2020,0.32,0.39,0.47,1.01,16.94,-0.6877554179566564,-0.8360526315789474,-0.6949380804953558,-47.8196496350365,-47.8196496350365
04/25/2022,2.5,2.68,2.76,2.81,98.54,1.6022445820433437,1.4539473684210524,1.1050619195046443,33.78035036496351,33.78035036496351
04/26/2021,0.31,0.76,1.34,1.96,61.91,-0.3177554179566564,0.033947368421052726,0.2550619195046442,-2.8496496350364993,-2.8496496350364993
04/26/2022,2.43,2.58,2.68,2.75,101.7,1.5022445820433437,1.3739473684210528,1.0450619195046442,36.94035036496351,36.94035036496351
04/27/2020,0.33,0.42,0.51,1.05,12.78,-0.6577554179566565,-0.7960526315789473,-0.6549380804953557,-51.979649635036495,-51.979649635036495
04/27/2021,0.31,0.77,1.37,1.99,62.94,-0.3077554179566564,0.06394736842105275,0.2850619195046442,-1.8196496350364981,-1.8196496350364981
04/27/2022,2.47,2.62,2.75,2.82,102.02,1.5422445820433437,1.4439473684210526,1.115061919504644,37.2603503649635,37.2603503649635
04/28/2020,0.31,0.39,0.47,1.0,12.34,-0.6877554179566564,-0.8360526315789474,-0.7049380804953558,-52.41964963503649,-52.41964963503649
04/28/2021,0.3,0.75,1.34,1.96,63.86,-0.3277554179566564,0.033947368421052726,0.2550619195046442,-0.8996496350364964,-0.8996496350364964
04/28/2022,2.5,2.64,2.75,2.79,105.36,1.5622445820433437,1.4439473684210526,1.0850619195046443,40.600350364963504,40.600350364963504
04/29/2020,0.3,0.38,0.46,0.99,15.06,-0.6977554179566564,-0.8460526315789474,-0.7149380804953558,-49.699649635036494,-49.699649635036494
04/29/2021,0.3,0.77,1.37,1.99,65.01,-0.3077554179566564,0.06394736842105275,0.2850619195046442,0.25035036496350926,0.25035036496350926
04/29/2022,2.6,2.74,2.84,2.85,104.69,1.6622445820433438,1.5339473684210525,1.1450619195046443,39.9303503649635,39.9303503649635
04/30/2020,0.29,0.35,0.43,0.96,18.84,-0.7277554179566564,-0.8760526315789474,-0.7449380804953558,-45.91964963503649,-45.91964963503649
04/30/2021,0.29,0.74,1.35,1.97,63.58,-0.3377554179566564,0.043947368421052735,0.2650619195046442,-1.1796496350364976,-1.1796496350364976
05/01/2020,0.29,0.34,0.42,0.92,19.78,-0.7377554179566563,-0.8860526315789474,-0.7849380804953557,-44.979649635036495,-44.979649635036495
05/02/2022,2.64,2.78,2.91,2.91,105.17,1.7022445820433434,1.6039473684210528,1.2050619195046444,40.410350364963506,40.410350364963506
05/03/2021,0.29,0.74,1.34,1.96,64.49,-0.3377554179566564,0.033947368421052726,0.2550619195046442,-0.26964963503650097,-0.26964963503650097
05/03/2022,2.69,2.82,2.93,2.92,102.41,1.7422445820433434,1.6239473684210528,1.2150619195046442,37.6503503649635,37.6503503649635
05/04/2020,0.29,0.36,0.46,0.96,20.39,-0.7177554179566564,-0.8460526315789474,-0.7449380804953558,-44.369649635036495,-44.369649635036495
05/04/2021,0.3,0.75,1.34,1.96,65.69,-0.3277554179566564,0.033947368421052726,0.2550619195046442,0.9303503649635019,0.9303503649635019
05/04/2022,2.59,2.72,2.86,2.9,107.81,1.6422445820433438,1.5539473684210525,1.1950619195046441,43.050350364963506,43.050350364963506
05/05/2020,0.29,0.36,0.46,0.95,24.56,-0.7177554179566564,-0.8460526315789474,-0.7549380804953558,-40.199649635036494,-40.199649635036494
05/05/2021,0.29,0.73,1.32,1.95,65.63,-0.34775541795665643,0.013947368421052708,0.24506191950464418,0.8703503649634996,0.8703503649634996
05/05/2022,2.67,2.82,2.98,3.0,108.26,1.7422445820433434,1.6739473684210526,1.2950619195046442,43.50035036496351,43.50035036496351
05/06/2020,0.3,0.38,0.5,1.0,23.99,-0.6977554179566564,-0.8060526315789474,-0.7049380804953558,-40.7696496350365,-40.7696496350365
05/06/2021,0.3,0.73,1.32,1.96,64.71,-0.34775541795665643,0.013947368421052708,0.2550619195046442,-0.049649635036502104,-0.049649635036502104
05/06/2022,2.67,2.85,3.06,3.08,109.77,1.7722445820433437,1.7539473684210527,1.3750619195046443,45.0103503649635,45.0103503649635
05/07/2020,0.26,0.32,0.43,0.96,23.55,-0.7577554179566564,-0.8760526315789474,-0.7449380804953558,-41.2096496350365,-41.2096496350365
05/07/2021,0.28,0.7,1.29,1.95,64.9,-0.37775541795665646,-0.01605263157894732,0.24506191950464418,0.14035036496350983,0.14035036496350983
05/08/2020,0.26,0.33,0.46,0.97,24.74,-0.7477554179566563,-0.8460526315789474,-0.7349380804953558,-40.0196496350365,-40.0196496350365
05/09/2022,2.58,2.74,2.96,3.01,103.09,1.6622445820433438,1.6539473684210526,1.305061919504644,38.33035036496351,38.33035036496351
05/10/2021,0.29,0.71,1.3,1.97,64.92,-0.36775541795665645,-0.0060526315789473095,0.2650619195046442,0.16035036496350585,0.16035036496350585
05/10/2022,2.61,2.75,2.95,3.01,99.76,1.6722445820433436,1.6439473684210528,1.305061919504644,35.00035036496351,35.00035036496351
05/11/2020,0.26,0.33,0.46,0.99,24.14,-0.7477554179566563,-0.8460526315789474,-0.7149380804953558,-40.619649635036495,-40.619649635036495
05/11/2021,0.29,0.73,1.33,2.0,65.28,-0.34775541795665643,0.023947368421052717,0.2950619195046442,0.5203503649635053,0.5203503649635053
05/11/2022,2.66,2.78,2.94,2.99,105.71,1.7022445820433434,1.6339473684210526,1.2850619195046444,40.9503503649635,40.9503503649635
05/12/2020,0.26,0.32,0.43,0.95,25.78,-0.7577554179566564,-0.8760526315789474,-0.7549380804953558,-38.979649635036495,-38.979649635036495
05/12/2021,0.33,0.79,1.39,2.05,66.08,-0.2877554179566564,0.08394736842105255,0.34506191950464404,1.3203503649635024,1.3203503649635024
05/12/2022,2.57,2.7,2.87,2.94,106.13,1.6222445820433438,1.5639473684210528,1.2350619195046442,41.3703503649635,41.3703503649635
05/13/2020,0.26,0.33,0.44,0.93,25.29,-0.7477554179566563,-0.8660526315789474,-0.7749380804953557,-39.4696496350365,-39.4696496350365
05/13/2021,0.32,0.76,1.35,2.03,63.82,-0.3177554179566564,0.043947368421052735,0.325061919504644,-0.9396496350364956,-0.9396496350364956
05/13/2022,2.6,2.73,2.9,2.97,110.49,1.6522445820433436,1.5939473684210526,1.2650619195046444,45.7303503649635,45.7303503649635
05/14/2020,0.25,0.32,0.42,0.9,27.56,-0.7577554179566564,-0.8860526315789474,-0.8049380804953558,-37.199649635036494,-37.199649635036494
05/14/2021,0.32,0.77,1.35,2.04,65.37,-0.3077554179566564,0.043947368421052735,0.33506191950464426,0.6103503649635087,0.6103503649635087
05/15/2020,0.26,0.33,0.43,0.9,29.43,-0.7477554179566563,-0.8760526315789474,-0.8049380804953558,-35.329649635036496,-35.329649635036496
05/16/2022,2.58,2.7,2.86,2.95,114.2,1.6222445820433438,1.5539473684210525,1.2450619195046444,49.44035036496351,49.44035036496351
05/17/2021,0.33,0.77,1.36,2.05,66.27,-0.3077554179566564,0.053947368421052744,0.34506191950464404,1.5103503649635002,1.5103503649635002
05/17/2022,2.69,2.82,2.97,3.05,112.4,1.7422445820433434,1.6639473684210528,1.345061919504644,47.64035036496351,47.64035036496351
05/18/2020,,,,,31.82,,,,-32.939649635036496,-32.939649635036496
05/18/2021,0.32,0.78,1.35,2.04,65.49,-0.2977554179566564,0.043947368421052735,0.33506191950464426,0.730350364963499,0.730350364963499
05/18/2022,2.7,2.81,2.92,2.96,109.59,1.7322445820433436,1.6139473684210526,1.2550619195046442,44.83035036496351,44.83035036496351
05/19/2020,0.28,0.37,0.49,0.97,32.5,-0.7077554179566564,-0.8160526315789474,-0.7349380804953558,-32.259649635036496,-32.259649635036496
05/19/2021,0.33,0.79,1.36,2.04,63.36,-0.2877554179566564,0.053947368421052744,0.33506191950464426,-1.3996496350364964,-1.3996496350364964
05/19/2022,2.63,2.73,2.84,2.9,112.21,1.6522445820433436,1.5339473684210525,1.1950619195046441,47.4503503649635,47.4503503649635
05/20/2020,0.28,0.36,0.46,0.93,33.49,-0.7177554179566564,-0.8460526315789474,-0.7749380804953557,-31.269649635036494,-31.269649635036494
05/20/2021,0.32,0.76,1.34,2.01,62.05,-0.3177554179566564,0.033947368421052726,0.305061919504644,-2.7096496350364987,-2.7096496350364987
05/20/2022,2.58,2.68,2.8,2.85,113.23,1.6022445820433437,1.4939473684210525,1.1450619195046443,48.47035036496351,48.47035036496351
05/21/2020,0.28,0.36,0.46,0.92,33.92,-0.7177554179566564,-0.8460526315789474,-0.7849380804953557,-30.839649635036494,-30.839649635036494
05/21/2021,0.32,0.76,1.33,2.01,63.58,-0.3177554179566564,0.023947368421052717,0.305061919504644,-1.1796496350364976,-1.1796496350364976
05/22/2020,0.27,0.33,0.42,0.88,33.25,-0.7477554179566563,-0.8860526315789474,-0.8249380804953558,-31.509649635036496,-31.509649635036496
05/23/2022,,,,,110.29,,,,45.53035036496351,45.53035036496351
05/24/2020,,,,,32.9,,,,-31.859649635036497,-31.859649635036497
05/24/2021,,,,,66.05,,,,1.2903503649635013,1.2903503649635013
05/24/2022,2.51,2.62,2.76,2.83,109.77,1.5422445820433437,1.4539473684210524,1.1250619195046443,45.0103503649635,45.0103503649635
05/25/2020,0.26,0.31,0.4,0.86,33.92,-0.7677554179566564,-0.9060526315789473,-0.8449380804953558,-30.839649635036494,-30.839649635036494
05/25/2021,0.3,0.7,1.25,1.93,66.07,-0.37775541795665646,-0.056052631578947354,0.22506191950464416,1.3103503649634973,1.3103503649634973
05/25/2022,2.48,2.58,2.72,2.8,110.33,1.5022445820433437,1.4139473684210528,1.095061919504644,45.5703503649635,45.5703503649635
05/26/2020,0.28,0.35,0.44,0.91,34.35,-0.7277554179566564,-0.8660526315789474,-0.7949380804953557,-30.409649635036494,-30.409649635036494
05/26/2021,0.3,0.71,1.25,1.91,66.21,-0.36775541795665645,-0.056052631578947354,0.20506191950464414,1.450350364963498,1.450350364963498
05/26/2022,2.5,2.59,2.75,2.85,114.09,1.5122445820433434,1.4439473684210526,1.1450619195046443,49.33035036496351,49.33035036496351
05/27/2020,0.28,0.35,0.44,0.92,32.81,-0.7277554179566564,-0.8660526315789474,-0.7849380804953557,-31.949649635036494,-31.949649635036494
05/27/2021,0.31,0.74,1.29,1.93,66.85,-0.3377554179566564,-0.01605263157894732,0.22506191950464416,2.0903503649634985,2.0903503649634985
05/27/2022,2.5,2.59,2.74,2.82,115.07,1.5122445820433434,1.4339473684210529,1.115061919504644,50.3103503649635,50.3103503649635
05/28/2020,0.28,0.35,0.45,0.95,33.71,-0.7277554179566564,-0.8560526315789474,-0.7549380804953558,-31.049649635036495,-31.049649635036495
05/28/2021,0.31,0.75,1.31,1.94,66.32,-0.3277554179566564,0.003947368421052699,0.23506191950464417,1.5603503649634973,1.5603503649634973
05/29/2020,0.26,0.32,0.42,0.92,35.49,-0.7577554179566564,-0.8860526315789474,-0.7849380804953557,-29.269649635036494,-29.269649635036494
05/29/2022,,,,,115.61,,,,50.850350364963504,50.850350364963504
05/30/2021,,,,,66.59,,,,1.8303503649635076,1.8303503649635076
05/30/2022,2.55,2.63,2.79,2.84,117.61,1.5522445820433435,1.4839473684210527,1.135061919504644,52.850350364963504,52.850350364963504
05/31/2021,0.31,0.74,1.3,1.92,66.96,-0.3377554179566564,-0.0060526315789473095,0.21506191950464415,2.200350364963498,2.200350364963498
05/31/2022,2.62,2.7,2.87,2.9,114.67,1.6222445820433438,1.5639473684210528,1.1950619195046441,49.910350364963506,49.910350364963506
06/01/2020,0.26,0.33,0.43,0.93,35.44,-0.7477554179566563,-0.8760526315789474,-0.7749380804953557,-29.319649635036498,-29.319649635036498
06/01/2021,0.31,0.74,1.3,1.91,67.72,-0.3377554179566564,-0.0060526315789473095,0.20506191950464414,2.960350364963503,2.960350364963503
06/01/2022,2.74,2.83,2.97,2.93,115.26,1.7522445820433437,1.6639473684210528,1.2250619195046444,50.50035036496351,50.50035036496351
06/02/2020,0.26,0.34,0.45,1.03,36.81,-0.7377554179566563,-0.8560526315789474,-0.6749380804953558,-27.949649635036494,-27.949649635036494
06/02/2021,0.32,0.78,1.35,1.94,68.83,-0.2977554179566564,0.043947368421052735,0.23506191950464417,4.070350364963502,4.070350364963502
06/02/2022,2.8,2.88,3.0,2.95,116.87,1.8022445820433435,1.6939473684210526,1.2450619195046444,52.11035036496351,52.11035036496351
06/03/2020,0.29,0.39,0.53,1.1,37.29,-0.6877554179566564,-0.7760526315789473,-0.6049380804953557,-27.469649635036497,-27.469649635036497
06/03/2021,0.33,0.8,1.37,1.96,68.81,-0.27775541795665637,0.06394736842105275,0.2550619195046442,4.050350364963506,4.050350364963506
06/03/2022,2.87,2.95,3.06,3.0,118.87,1.8722445820433438,1.7539473684210527,1.2950619195046442,54.11035036496351,54.11035036496351
06/04/2020,0.3,0.42,0.57,1.16,37.41,-0.6577554179566565,-0.7360526315789474,-0.5449380804953559,-27.3496496350365,-27.3496496350365
06/04/2021,0.32,0.75,1.31,1.9,69.62,-0.3277554179566564,0.003947368421052699,0.19506191950464413,4.860350364963509,4.860350364963509
06/05/2020,0.32,0.46,0.62,1.21,39.55,-0.6177554179566564,-0.6860526315789474,-0.4949380804953558,-25.2096496350365,-25.2096496350365
06/06/2022,2.98,3.08,3.18,3.14,118.5,2.0022445820433434,1.8739473684210528,1.4350619195046443,53.740350364963504,53.740350364963504
06/07/2021,0.33,0.76,1.32,1.91,69.23,-0.3177554179566564,0.013947368421052708,0.20506191950464414,4.470350364963508,4.470350364963508
06/07/2022,2.99,3.09,3.19,3.15,119.41,2.012244582043343,1.8839473684210526,1.4450619195046441,54.6503503649635,54.6503503649635
06/08/2020,0.3,0.42,0.58,1.16,38.19,-0.6577554179566565,-0.7260526315789474,-0.5449380804953559,-26.569649635036498,-26.569649635036498
06/08/2021,0.32,0.75,1.29,1.89,70.05,-0.3277554179566564,-0.01605263157894732,0.18506191950464412,5.290350364963501,5.290350364963501
06/08/2022,3.06,3.17,3.27,3.22,122.11,2.0922445820433433,1.9639473684210527,1.5150619195046444,57.350350364963504,57.350350364963504
06/09/2020,0.28,0.39,0.54,1.11,38.94,-0.6877554179566564,-0.7660526315789473,-0.5949380804953557,-25.819649635036498,-25.819649635036498
06/09/2021,0.32,0.74,1.26,1.86,69.96,-0.3377554179566564,-0.046052631578947345,0.15506191950464432,5.200350364963498,5.200350364963498
06/09/2022,3.03,3.14,3.23,3.18,121.51,2.062244582043344,1.9239473684210526,1.4750619195046444,56.75035036496351,56.75035036496351
06/10/2020,0.25,0.33,0.47,1.03,39.6,-0.7477554179566563,-0.8360526315789474,-0.6749380804953558,-25.159649635036494,-25.159649635036494
06/10/2021,0.32,0.71,1.23,1.85,70.29,-0.36775541795665645,-0.07605263157894737,0.1450619195046443,5.53035036496351,5.53035036496351
06/10/2022,3.2,3.3,3.36,3.24,120.67,2.222244582043343,2.0539473684210527,1.5350619195046444,55.910350364963506,55.910350364963506
06/11/2020,0.25,0.32,0.44,0.97,36.34,-0.7577554179566564,-0.8660526315789474,-0.7349380804953558,-28.419649635036492,-28.419649635036492
06/11/2021,0.32,0.71,1.23,1.84,70.91,-0.36775541795665645,-0.07605263157894737,0.1350619195046443,6.150350364963501,6.150350364963501
06/12/2020,0.25,0.32,0.44,0.97,36.26,-0.7577554179566564,-0.8660526315789474,-0.7349380804953558,-28.499649635036498,-28.499649635036498
06/13/2022,3.35,3.46,3.53,3.36,120.93,2.3822445820433433,2.2239473684210527,1.655061919504644,56.17035036496351,56.17035036496351
06/14/2021,0.33,0.73,1.25,1.86,70.88,-0.34775541795665643,-0.056052631578947354,0.15506191950464432,6.1203503649635,6.1203503649635
06/14/2022,3.42,3.54,3.63,3.45,118.93,2.4622445820433434,2.3239473684210523,1.7450619195046444,54.17035036496351,54.17035036496351
06/15/2020,0.25,0.31,0.43,0.93,37.12,-0.7677554179566564,-0.8760526315789474,-0.7749380804953557,-27.6396496350365,-27.6396496350365
06/15/2021,0.33,0.73,1.24,1.84,72.12,-0.34775541795665643,-0.06605263157894736,0.1350619195046443,7.360350364963509,7.360350364963509
06/15/2022,3.24,3.36,3.48,3.39,115.31,2.2822445820433437,2.173947368421053,1.6850619195046443,50.550350364963506,50.550350364963506
06/16/2020,0.26,0.33,0.46,0.98,38.38,-0.7477554179566563,-0.8460526315789474,-0.7249380804953558,-26.379649635036493,-26.379649635036493
06/16/2021,0.37,0.8,1.3,1.86,72.15,-0.27775541795665637,-0.0060526315789473095,0.15506191950464432,7.39035036496351,7.39035036496351
06/16/2022,3.2,3.29,3.4,3.33,117.59,2.2122445820433434,2.093947368421053,1.6250619195046443,52.83035036496351,52.83035036496351
06/17/2020,0.26,0.33,0.45,0.95,37.96,-0.7477554179566563,-0.8560526315789474,-0.7549380804953558,-26.799649635036495,-26.799649635036495
06/17/2021,0.39,0.82,1.28,1.8,71.04,-0.25775541795665646,-0.026052631578947327,0.09506191950464427,6.28035036496351,6.28035036496351
06/17/2022,3.2,3.3,3.4,3.35,109.56,2.222244582043343,2.093947368421053,1.6450619195046443,44.800350364963506,44.800350364963506
06/18/2020,0.26,0.33,0.44,0.92,38.84,-0.7477554179566563,-0.8660526315789474,-0.7849380804953557,-25.919649635036492,-25.919649635036492
06/18/2021,0.45,0.85,1.26,1.74,71.64,-0.22775541795665644,-0.046052631578947345,0.03506191950464421,6.880350364963505,6.880350364963505
06/19/2020,0.26,0.34,0.45,0.93,39.75,-0.7377554179566563,-0.8560526315789474,-0.7749380804953557,-25.009649635036496,-25.009649635036496
06/19/2022,,,,,108.94,,,,44.1803503649635,44.1803503649635
06/20/2022,3.26,3.35,3.45,3.36,108.84,2.272244582043344,2.1439473684210526,1.655061919504644,44.08035036496351,44.08035036496351
06/21/2021,0.44,0.85,1.3,1.79,73.66,-0.22775541795665644,-0.0060526315789473095,0.08506191950464426,8.9003503649635,8.9003503649635
06/21/2022,3.31,3.39,3.5,3.44,110.65,2.312244582043344,2.1939473684210524,1.7350619195046442,45.89035036496351,45.89035036496351
06/22/2020,0.26,0.34,0.46,0.92,40.46,-0.7377554179566563,-0.8460526315789474,-0.7849380804953557,-24.299649635036495,-24.299649635036495
06/22/2021,0.41,0.84,1.29,1.79,73.06,-0.23775541795665645,-0.01605263157894732,0.08506191950464426,8.300350364963506,8.300350364963506
06/22/2022,3.22,3.29,3.4,3.37,106.19,2.2122445820433434,2.093947368421053,1.6650619195046443,41.4303503649635,41.4303503649635
06/23/2020,0.27,0.34,0.46,0.93,40.37,-0.7377554179566563,-0.8460526315789474,-0.7749380804953557,-24.3896496350365,-24.3896496350365
06/23/2021,0.42,0.86,1.31,1.79,73.08,-0.21775541795665643,0.003947368421052699,0.08506191950464426,8.320350364963502,8.320350364963502
06/23/2022,3.09,3.14,3.27,3.3,104.27,2.062244582043344,1.9639473684210527,1.595061919504644,39.5103503649635,39.5103503649635
06/24/2020,0.26,0.33,0.46,0.95,38.01,-0.7477554179566563,-0.8460526315789474,-0.7549380804953558,-26.749649635036498,-26.749649635036498
06/24/2021,0.42,0.85,1.3,1.77,73.3,-0.22775541795665644,-0.0060526315789473095,0.06506191950464424,8.540350364963501,8.540350364963501
06/24/2022,3.1,3.17,3.3,3.33,107.62,2.0922445820433433,1.9939473684210525,1.6250619195046443,42.86035036496351,42.86035036496351
06/25/2020,0.26,0.32,0.44,0.93,38.72,-0.7577554179566564,-0.8660526315789474,-0.7749380804953557,-26.039649635036497,-26.039649635036497
06/25/2021,0.43,0.89,1.34,1.83,74.05,-0.1877554179566564,0.033947368421052726,0.1250619195046443,9.290350364963501,9.290350364963501
06/26/2020,0.25,0.31,0.43,0.91,38.49,-0.7677554179566564,-0.8760526315789474,-0.7949380804953557,-26.269649635036494,-26.269649635036494
06/27/2022,3.16,3.22,3.35,3.38,109.57,2.142244582043344,2.043947368421053,1.6750619195046441,44.8103503649635,44.8103503649635
06/28/2021,0.43,0.87,1.3,1.8,72.91,-0.20775541795665642,-0.0060526315789473095,0.09506191950464427,8.1503503649635,8.1503503649635
06/28/2022,3.14,3.2,3.33,3.32,111.76,2.1222445820433435,2.0239473684210525,1.615061919504644,47.00035036496351,47.00035036496351
06/29/2020,0.25,0.32,0.43,0.91,39.7,-0.7577554179566564,-0.8760526315789474,-0.7949380804953557,-25.059649635036493,-25.059649635036493
06/29/2021,0.44,0.87,1.31,1.8,72.98,-0.20775541795665642,0.003947368421052699,0.09506191950464427,8.220350364963508,8.220350364963508
06/29/2022,3.12,3.16,3.27,3.24,109.78,2.0822445820433435,1.9639473684210527,1.5350619195046444,45.020350364963505,45.020350364963505
06/30/2020,0.25,0.32,0.44,0.91,39.27,-0.7577554179566564,-0.8660526315789474,-0.7949380804953557,-25.489649635036493,-25.489649635036493
06/30/2021,0.44,0.87,1.28,1.77,73.47,-0.20775541795665642,-0.026052631578947327,0.06506191950464424,8.710350364963503,8.710350364963503
06/30/2022,3.09,3.1,3.21,3.19,105.76,2.022244582043344,1.9039473684210526,1.4850619195046442,41.00035036496351,41.00035036496351
07/01/2020,,,,,39.82,,,,-24.939649635036496,-24.939649635036496
07/01/2021,,,,,75.23,,,,10.470350364963508,10.470350364963508
07/01/2022,,,,,108.43,,,,43.67035036496351,43.67035036496351
07/02/2020,0.26,0.33,0.46,0.94,40.65,-0.7477554179566563,-0.8460526315789474,-0.7649380804953558,-24.109649635036497,-24.109649635036497
07/02/2021,0.44,0.86,1.27,1.77,75.16,-0.21775541795665643,-0.036052631578947336,0.06506191950464424,10.4003503649635,10.4003503649635
07/03/2020,0.26,0.33,0.46,0.93,40.28,-0.7477554179566563,-0.8460526315789474,-0.7749380804953557,-24.479649635036495,-24.479649635036495
07/03/2022,,,,,108.19,,,,43.4303503649635,43.4303503649635
07/04/2021,,,,,75.14,,,,10.380350364963505,10.380350364963505
07/04/2022,3.05,3.04,3.15,3.14,110.4,1.9622445820433436,1.8439473684210526,1.4350619195046443,45.64035036496351,45.64035036496351
07/05/2021,0.46,0.89,1.3,1.77,76.25,-0.1877554179566564,-0.0060526315789473095,0.06506191950464424,11.490350364963504,11.490350364963504
07/05/2022,3.0,2.94,3.05,3.07,99.5,1.8622445820433435,1.7439473684210525,1.365061919504644,34.740350364963504,34.740350364963504
07/06/2020,0.25,0.32,0.45,0.94,40.63,-0.7577554179566564,-0.8560526315789474,-0.7649380804953558,-24.129649635036493,-24.129649635036493
07/06/2021,0.46,0.85,1.23,1.72,73.37,-0.22775541795665644,-0.07605263157894737,0.015061919504644194,8.610350364963509,8.610350364963509
07/06/2022,3.12,3.06,3.15,3.14,98.53,1.9822445820433436,1.8439473684210526,1.4350619195046443,33.770350364963505,33.770350364963505
07/07/2020,0.24,0.3,0.42,0.91,40.62,-0.7777554179566564,-0.8860526315789474,-0.7949380804953557,-24.1396496350365,-24.1396496350365
07/07/2021,0.47,0.84,1.21,1.69,72.2,-0.23775541795665645,-0.09605263157894739,-0.014938080495355832,7.440350364963507,7.440350364963507
07/07/2022,3.19,3.12,3.2,3.18,102.73,2.0422445820433435,1.8939473684210528,1.4750619195046444,37.97035036496351,37.97035036496351
07/08/2020,0.25,0.32,0.46,1.0,40.9,-0.7577554179566564,-0.8460526315789474,-0.7049380804953558,-23.859649635036497,-23.859649635036497
07/08/2021,0.47,0.81,1.17,1.67,72.94,-0.26775541795665636,-0.13605263157894742,-0.03493808049535585,8.180350364963502,8.180350364963502
07/08/2022,3.26,3.21,3.28,3.22,104.79,2.1322445820433433,1.9739473684210525,1.5150619195046444,40.03035036496351,40.03035036496351
07/09/2020,0.24,0.29,0.42,0.98,39.62,-0.7877554179566564,-0.8860526315789474,-0.7249380804953558,-25.1396496350365,-25.1396496350365
07/09/2021,0.47,0.85,1.23,1.74,74.56,-0.22775541795665644,-0.07605263157894737,0.03506191950464421,9.800350364963506,9.800350364963506
07/10/2020,0.25,0.3,0.44,0.97,40.55,-0.7777554179566564,-0.8660526315789474,-0.7349380804953558,-24.2096496350365,-24.2096496350365
07/11/2022,3.24,3.17,3.22,3.18,104.09,2.0922445820433433,1.9139473684210528,1.4750619195046444,39.33035036496351,39.33035036496351
07/12/2021,0.46,0.84,1.22,1.75,74.1,-0.23775541795665645,-0.08605263157894738,0.04506191950464422,9.340350364963498,9.340350364963498
07/12/2022,3.18,3.11,3.16,3.14,95.84,2.0322445820433437,1.8539473684210528,1.4350619195046443,31.080350364963508,31.080350364963508
07/13/2020,0.25,0.3,0.44,0.96,40.1,-0.7777554179566564,-0.8660526315789474,-0.7449380804953558,-24.659649635036494,-24.659649635036494
07/13/2021,0.47,0.86,1.25,1.77,75.25,-0.21775541795665643,-0.056052631578947354,0.06506191950464424,10.490350364963504,10.490350364963504
07/13/2022,3.27,3.15,3.14,3.09,96.3,2.0722445820433437,1.8339473684210528,1.385061919504644,31.5403503649635,31.5403503649635
07/14/2020,0.24,0.3,0.44,0.94,40.29,-0.7777554179566564,-0.8660526315789474,-0.7649380804953558,-24.469649635036497,-24.469649635036497
07/14/2021,0.44,0.82,1.2,1.73,73.13,-0.25775541795665646,-0.1060526315789474,0.025061919504644203,8.3703503649635,8.3703503649635
07/14/2022,3.25,3.16,3.14,3.1,95.78,2.0822445820433435,1.8339473684210528,1.3950619195046443,31.020350364963505,31.020350364963505
07/15/2020,0.24,0.3,0.44,0.94,41.2,-0.7777554179566564,-0.8660526315789474,-0.7649380804953558,-23.559649635036493,-23.559649635036493
07/15/2021,0.43,0.8,1.16,1.7,71.65,-0.27775541795665637,-0.14605263157894743,-0.004938080495355823,6.89035036496351,6.89035036496351
07/15/2022,3.2,3.09,3.07,3.05,97.59,2.012244582043343,1.7639473684210525,1.345061919504644,32.83035036496351,32.83035036496351
07/16/2020,0.23,0.29,0.41,0.9,40.75,-0.7877554179566564,-0.8960526315789474,-0.8049380804953558,-24.009649635036496,-24.009649635036496
07/16/2021,0.42,0.79,1.15,1.69,71.81,-0.2877554179566564,-0.15605263157894744,-0.014938080495355832,7.050350364963506,7.050350364963506
07/17/2020,0.24,0.3,0.43,0.9,40.59,-0.7777554179566564,-0.8760526315789474,-0.8049380804953558,-24.169649635036492,-24.169649635036492
07/18/2022,3.22,3.09,3.08,3.08,102.6,2.012244582043343,1.7739473684210527,1.3750619195046443,37.8403503649635,37.8403503649635
07/19/2021,0.39,0.71,1.05,1.6,66.42,-0.36775541795665645,-0.2560526315789473,-0.10493808049535569,1.6603503649635059,1.6603503649635059
07/19/2022,3.3,3.14,3.1,3.07,104.22,2.062244582043344,1.7939473684210527,1.365061919504644,39.4603503649635,39.4603503649635
07/20/2020,0.23,0.29,0.41,0.88,40.81,-0.7877554179566564,-0.8960526315789474,-0.8249380804953558,-23.949649635036494,-23.949649635036494
07/20/2021,0.38,0.7,1.07,1.66,67.42,-0.37775541795665646,-0.2360526315789473,-0.04493808049535586,2.660350364963506,2.660350364963506
07/20/2022,3.3,3.17,3.13,3.08,102.26,2.0922445820433433,1.8239473684210525,1.3750619195046443,37.50035036496351,37.50035036496351
07/21/2020,0.23,0.29,0.42,0.88,41.96,-0.7877554179566564,-0.8860526315789474,-0.8249380804953558,-22.799649635036495,-22.799649635036495
07/21/2021,0.39,0.73,1.12,1.71,70.3,-0.34775541795665643,-0.18605263157894725,0.005061919504644186,5.540350364963501,5.540350364963501
07/21/2022,3.19,3.03,2.97,2.95,96.35,1.9522445820433434,1.6639473684210528,1.2450619195046444,31.5903503649635,31.5903503649635
07/22/2020,0.23,0.29,0.41,0.89,41.9,-0.7877554179566564,-0.8960526315789474,-0.8149380804953558,-22.859649635036497,-22.859649635036497
07/22/2021,0.38,0.71,1.08,1.68,71.91,-0.36775541795665645,-0.22605263157894728,-0.02493808049535584,7.150350364963501,7.150350364963501
07/22/2022,3.07,2.89,2.84,2.85,94.7,1.8122445820433437,1.5339473684210525,1.1450619195046443,29.940350364963507,29.940350364963507
07/23/2020,0.24,0.29,0.41,0.89,41.07,-0.7877554179566564,-0.8960526315789474,-0.8149380804953558,-23.689649635036496,-23.689649635036496
07/23/2021,0.38,0.72,1.1,1.69,72.07,-0.35775541795665644,-0.20605263157894727,-0.014938080495355832,7.310350364963497,7.310350364963497
07/24/2020,0.24,0.29,0.41,0.87,41.29,-0.7877554179566564,-0.8960526315789474,-0.8349380804953558,-23.469649635036497,-23.469649635036497
07/25/2022,3.12,2.94,2.87,2.88,96.7,1.8622445820433435,1.5639473684210528,1.1750619195046441,31.940350364963507,31.940350364963507
07/26/2021,0.38,0.73,1.11,1.7,71.91,-0.34775541795665643,-0.19605263157894726,-0.004938080495355823,7.150350364963501,7.150350364963501
07/26/2022,3.12,2.92,2.82,2.85,94.98,1.8422445820433435,1.5139473684210525,1.1450619195046443,30.220350364963508,30.220350364963508
07/27/2020,0.24,0.3,0.42,0.89,41.6,-0.7777554179566564,-0.8860526315789474,-0.8149380804953558,-23.159649635036494,-23.159649635036494
07/27/2021,0.37,0.69,1.06,1.65,71.65,-0.38775541795665647,-0.2460526315789473,-0.05493808049535587,6.89035036496351,6.89035036496351
07/27/2022,3.09,2.87,2.77,2.85,97.26,1.7922445820433437,1.4639473684210527,1.1450619195046443,32.50035036496351,32.50035036496351
07/28/2020,0.23,0.28,0.38,0.84,41.04,-0.7977554179566564,-0.9260526315789473,-0.8649380804953558,-23.719649635036497,-23.719649635036497
07/28/2021,0.38,0.71,1.07,1.64,72.39,-0.36775541795665645,-0.2360526315789473,-0.06493808049535588,7.630350364963505,7.630350364963505
07/28/2022,2.94,2.71,2.61,2.77,96.42,1.6322445820433436,1.3039473684210525,1.0650619195046442,31.660350364963506,31.660350364963506
07/29/2020,0.23,0.27,0.39,0.86,41.27,-0.8077554179566564,-0.9160526315789473,-0.8449380804953558,-23.489649635036493,-23.489649635036493
07/29/2021,0.38,0.73,1.09,1.66,73.62,-0.34775541795665643,-0.21605263157894727,-0.04493808049535586,8.860350364963509,8.860350364963509
07/29/2022,2.98,2.72,2.6,2.78,98.62,1.6422445820433438,1.2939473684210527,1.075061919504644,33.86035036496351,33.86035036496351
07/30/2020,0.23,0.26,0.36,0.82,39.92,-0.8177554179566564,-0.9460526315789474,-0.8849380804953558,-24.839649635036494,-24.839649635036494
07/30/2021,0.38,0.73,1.1,1.68,73.95,-0.34775541795665643,-0.20605263157894727,-0.02493808049535584,9.190350364963507,9.190350364963507
07/31/2020,0.22,0.26,0.38,0.83,40.27,-0.8177554179566564,-0.9260526315789473,-0.8749380804953558,-24.489649635036493,-24.489649635036493
07/31/2022,,,,,97.94,,,,33.1803503649635,33.1803503649635
08/01/2022,,,,,93.74,,,,28.9803503649635,28.9803503649635
08/02/2021,,,,,71.26,,,,6.500350364963509,6.500350364963509
08/02/2022,3.1,2.85,2.71,2.84,93.83,1.7722445820433437,1.4039473684210526,1.135061919504644,29.070350364963502,29.070350364963502
08/03/2020,,,,,41.01,,,,-23.749649635036498,-23.749649635036498
08/03/2021,0.36,0.68,1.02,1.61,70.56,-0.39775541795665637,-0.28605263157894734,-0.09493808049535568,5.800350364963506,5.800350364963506
08/03/2022,,,,,91.18,,,,26.42035036496351,26.42035036496351
08/04/2020,0.22,0.25,0.35,0.79,41.7,-0.8277554179566564,-0.9560526315789474,-0.9149380804953557,-23.059649635036493,-23.059649635036493
08/04/2021,0.39,0.71,1.04,1.62,68.15,-0.36775541795665645,-0.2660526315789473,-0.08493808049535567,3.39035036496351,3.39035036496351
08/05/2020,0.23,0.28,0.4,0.84,42.19,-0.7977554179566564,-0.9060526315789473,-0.8649380804953558,-22.569649635036498,-22.569649635036498
08/05/2021,0.41,0.75,1.07,1.62,69.09,-0.3277554179566564,-0.2360526315789473,-0.08493808049535567,4.330350364963508,4.330350364963508
08/06/2020,0.23,0.26,0.38,0.82,41.95,-0.8177554179566564,-0.9260526315789473,-0.8849380804953558,-22.809649635036493,-22.809649635036493
08/06/2021,0.43,0.8,1.15,1.68,68.28,-0.27775541795665637,-0.15605263157894744,-0.02493808049535584,3.5203503649635053,3.5203503649635053
08/07/2020,0.23,0.27,0.38,0.84,41.22,-0.8077554179566564,-0.9260526315789473,-0.8649380804953558,-23.539649635036497,-23.539649635036497
08/09/2021,0.43,0.8,1.16,1.71,66.48,-0.27775541795665637,-0.14605263157894743,0.005061919504644186,1.7203503649635081,1.7203503649635081
08/10/2020,0.23,0.27,0.4,0.87,41.94,-0.8077554179566564,-0.9060526315789473,-0.8349380804953558,-22.819649635036498,-22.819649635036498
08/10/2021,0.44,0.82,1.17,1.72,68.29,-0.25775541795665646,-0.13605263157894742,0.015061919504644194,3.5303503649635104,3.5303503649635104
08/11/2020,0.25,0.3,0.46,0.95,41.61,-0.7777554179566564,-0.8460526315789474,-0.7549380804953558,-23.149649635036496,-23.149649635036496
08/11/2021,0.42,0.81,1.16,1.73,69.25,-0.26775541795665636,-0.14605263157894743,0.025061919504644203,4.490350364963504,4.490350364963504
08/12/2020,0.26,0.32,0.49,0.99,42.67,-0.7577554179566564,-0.8160526315789474,-0.7149380804953558,-22.089649635036494,-22.089649635036494
08/12/2021,0.41,0.8,1.16,1.73,69.09,-0.27775541795665637,-0.14605263157894743,0.025061919504644203,4.330350364963508,4.330350364963508
08/13/2020,0.28,0.35,0.52,1.04,42.24,-0.7277554179566564,-0.7860526315789473,-0.6649380804953557,-22.519649635036494,-22.519649635036494
08/13/2021,0.4,0.76,1.1,1.68,68.44,-0.3177554179566564,-0.20605263157894727,-0.02493808049535584,3.680350364963502,3.680350364963502
08/14/2020,0.27,0.33,0.5,1.02,42.01,-0.7477554179566563,-0.8060526315789474,-0.6849380804953558,-22.749649635036498,-22.749649635036498
08/16/2021,0.39,0.73,1.07,1.65,67.29,-0.34775541795665643,-0.2360526315789473,-0.05493808049535587,2.5303503649635104,2.5303503649635104
08/17/2020,0.26,0.31,0.48,0.99,42.89,-0.7677554179566564,-0.8260526315789474,-0.7149380804953558,-21.869649635036495,-21.869649635036495
08/17/2021,0.39,0.73,1.06,1.65,66.59,-0.34775541795665643,-0.2460526315789473,-0.05493808049535587,1.8303503649635076,1.8303503649635076
08/18/2020,0.25,0.3,0.46,0.97,42.89,-0.7777554179566564,-0.8460526315789474,-0.7349380804953558,-21.869649635036495,-21.869649635036495
08/18/2021,0.4,0.75,1.07,1.65,65.46,-0.3277554179566564,-0.2360526315789473,-0.05493808049535587,0.7003503649634979,0.7003503649634979
08/19/2020,0.26,0.31,0.47,0.99,42.93,-0.7677554179566564,-0.8360526315789474,-0.7149380804953558,-21.829649635036496,-21.829649635036496
08/19/2021,0.4,0.73,1.04,1.62,63.69,-0.34775541795665643,-0.2660526315789473,-0.08493808049535567,-1.0696496350364981,-1.0696496350364981
08/20/2020,0.25,0.3,0.45,0.97,42.58,-0.7777554179566564,-0.8560526315789474,-0.7349380804953558,-22.179649635036498,-22.179649635036498
08/20/2021,0.4,0.74,1.05,1.63,62.32,-0.3377554179566564,-0.2560526315789473,-0.07493808049535589,-2.4396496350364956,-2.4396496350364956
08/21/2020,0.25,0.3,0.44,0.96,42.34,-0.7777554179566564,-0.8660526315789474,-0.7449380804953558,-22.419649635036492,-22.419649635036492
08/23/2021,0.4,0.74,1.07,1.65,65.64,-0.3377554179566564,-0.2360526315789473,-0.05493808049535587,0.8803503649635047,0.8803503649635047
08/24/2020,0.25,0.31,0.45,0.96,42.62,-0.7677554179566564,-0.8560526315789474,-0.7449380804953558,-22.1396496350365,-22.1396496350365
08/24/2021,0.41,0.76,1.09,1.68,67.54,-0.3177554179566564,-0.21605263157894727,-0.02493808049535584,2.7803503649635104,2.7803503649635104
08/25/2020,0.26,0.33,0.48,0.99,43.35,-0.7477554179566563,-0.8260526315789474,-0.7149380804953558,-21.409649635036494,-21.409649635036494
08/25/2021,0.42,0.78,1.15,1.73,68.36,-0.2977554179566564,-0.15605263157894744,0.025061919504644203,3.6003503649635036,3.6003503649635036
08/26/2020,0.26,0.33,0.49,1.01,43.39,-0.7477554179566563,-0.8160526315789474,-0.6949380804953558,-21.369649635036495,-21.369649635036495
08/26/2021,0.41,0.78,1.13,1.69,67.42,-0.2977554179566564,-0.17605263157894746,-0.014938080495355832,2.660350364963506,2.660350364963506
08/27/2020,0.26,0.34,0.53,1.08,43.04,-0.7377554179566563,-0.7760526315789473,-0.6249380804953557,-21.719649635036497,-21.719649635036497
08/27/2021,0.4,0.74,1.1,1.66,68.74,-0.3377554179566564,-0.20605263157894727,-0.04493808049535586,3.980350364963499,3.980350364963499
08/28/2020,0.25,0.32,0.5,1.08,42.97,-0.7577554179566564,-0.8060526315789474,-0.6249380804953557,-21.789649635036497,-21.789649635036497
08/30/2021,0.39,0.72,1.08,1.66,69.21,-0.35775541795665644,-0.22605263157894728,-0.04493808049535586,4.450350364963498,4.450350364963498
08/31/2020,0.25,0.31,0.5,1.05,42.61,-0.7677554179566564,-0.8060526315789474,-0.6549380804953557,-22.149649635036496,-22.149649635036496
08/31/2021,0.39,0.75,1.12,1.71,68.5,-0.3277554179566564,-0.18605263157894725,0.005061919504644186,3.740350364963504,3.740350364963504
09/01/2020,0.24,0.29,0.46,0.99,42.76,-0.7877554179566564,-0.8460526315789474,-0.7149380804953558,-21.999649635036498,-21.999649635036498
09/01/2021,0.37,0.71,1.08,1.65,68.59,-0.36775541795665645,-0.22605263157894728,-0.05493808049535587,3.8303503649635076,3.8303503649635076
09/02/2020,0.24,0.31,0.47,0.95,41.51,-0.7677554179566564,-0.8360526315789474,-0.7549380804953558,-23.249649635036498,-23.249649635036498
09/02/2021,0.38,0.72,1.08,1.63,69.99,-0.35775541795665644,-0.22605263157894728,-0.07493808049535589,5.230350364963499,5.230350364963499
09/03/2020,0.24,0.31,0.46,0.94,41.37,-0.7677554179566564,-0.8460526315789474,-0.7649380804953558,-23.3896496350365,-23.3896496350365
09/03/2021,0.38,0.72,1.11,1.66,69.29,-0.35775541795665644,-0.19605263157894726,-0.04493808049535586,4.53035036496351,4.53035036496351
09/04/2020,0.25,0.34,0.51,0.99,39.77,-0.7377554179566563,-0.7960526315789473,-0.7149380804953558,-24.989649635036493,-24.989649635036493
09/05/2021,,,,,68.75,,,,3.990350364963504,3.990350364963504
09/06/2020,,,,,38.75,,,,-26.009649635036496,-26.009649635036496
09/06/2021,,,,,68.8,,,,4.040350364963501,4.040350364963501
09/07/2020,,,,,39.2,,,,-25.559649635036493,-25.559649635036493
09/07/2021,0.39,0.75,1.16,1.71,68.35,-0.3277554179566564,-0.14605263157894743,0.005061919504644186,3.5903503649634985,3.5903503649634985
09/08/2020,0.24,0.32,0.49,0.97,36.76,-0.7577554179566564,-0.8160526315789474,-0.7349380804953558,-27.999649635036498,-27.999649635036498
09/08/2021,0.38,0.74,1.13,1.69,69.3,-0.3377554179566564,-0.17605263157894746,-0.014938080495355832,4.540350364963501,4.540350364963501
09/09/2020,0.25,0.33,0.5,0.99,38.05,-0.7477554179566563,-0.8060526315789474,-0.7149380804953558,-26.7096496350365,-26.7096496350365
09/09/2021,0.38,0.73,1.1,1.65,68.14,-0.34775541795665643,-0.20605263157894727,-0.05493808049535587,3.3803503649635047,3.3803503649635047
09/10/2020,0.24,0.32,0.48,0.97,37.3,-0.7577554179566564,-0.8260526315789474,-0.7349380804953558,-27.4596496350365,-27.4596496350365
09/10/2021,0.4,0.77,1.16,1.71,69.72,-0.3077554179566564,-0.14605263157894743,0.005061919504644186,4.960350364963503,4.960350364963503
09/11/2020,0.24,0.31,0.47,0.95,37.33,-0.7677554179566564,-0.8360526315789474,-0.7549380804953558,-27.429649635036498,-27.429649635036498
09/13/2021,0.4,0.76,1.15,1.7,70.45,-0.3177554179566564,-0.15605263157894744,-0.004938080495355823,5.690350364963507,5.690350364963507
09/14/2020,0.24,0.32,0.47,0.95,37.26,-0.7577554179566564,-0.8360526315789474,-0.7549380804953558,-27.499649635036498,-27.499649635036498
09/14/2021,0.39,0.74,1.1,1.65,70.46,-0.3377554179566564,-0.20605263157894727,-0.05493808049535587,5.700350364963498,5.700350364963498
09/15/2020,0.24,0.32,0.47,0.97,38.28,-0.7577554179566564,-0.8360526315789474,-0.7349380804953558,-26.479649635036495,-26.479649635036495
09/15/2021,0.41,0.77,1.15,1.69,72.61,-0.3077554179566564,-0.15605263157894744,-0.014938080495355832,7.850350364963504,7.850350364963504
09/16/2020,0.24,0.32,0.48,0.99,40.16,-0.7577554179566564,-0.8260526315789474,-0.7149380804953558,-24.5996496350365,-24.5996496350365
09/16/2021,0.43,0.8,1.16,1.69,72.61,-0.27775541795665637,-0.14605263157894743,-0.014938080495355832,7.850350364963504,7.850350364963504
09/17/2020,0.24,0.32,0.48,0.97,40.97,-0.7577554179566564,-0.8260526315789474,-0.7349380804953558,-23.789649635036497,-23.789649635036497
09/17/2021,0.44,0.84,1.22,1.74,71.97,-0.23775541795665645,-0.08605263157894738,0.03506191950464421,7.210350364963503,7.210350364963503
09/18/2020,0.24,0.33,0.49,0.99,41.11,-0.7477554179566563,-0.8160526315789474,-0.7149380804953558,-23.649649635036496,-23.649649635036496
09/20/2021,0.43,0.79,1.15,1.69,70.29,-0.2877554179566564,-0.15605263157894744,-0.014938080495355832,5.53035036496351,5.53035036496351
09/21/2020,0.23,0.31,0.47,0.97,39.31,-0.7677554179566564,-0.8360526315789474,-0.7349380804953558,-25.449649635036494,-25.449649635036494
09/21/2021,0.43,0.79,1.15,1.7,70.56,-0.2877554179566564,-0.15605263157894744,-0.004938080495355823,5.800350364963506,5.800350364963506
09/22/2020,0.23,0.32,0.47,0.97,39.6,-0.7577554179566564,-0.8360526315789474,-0.7349380804953558,-25.159649635036494,-25.159649635036494
09/22/2021,0.44,0.8,1.15,1.68,72.23,-0.27775541795665637,-0.15605263157894744,-0.02493808049535584,7.470350364963508,7.470350364963508
09/23/2020,0.23,0.31,0.47,0.97,39.93,-0.7677554179566564,-0.8360526315789474,-0.7349380804953558,-24.829649635036496,-24.829649635036496
09/23/2021,0.47,0.88,1.26,1.77,73.3,-0.1977554179566564,-0.046052631578947345,0.06506191950464424,8.540350364963501,8.540350364963501
09/24/2020,0.23,0.31,0.47,0.96,40.31,-0.7677554179566564,-0.8360526315789474,-0.7449380804953558,-24.449649635036494,-24.449649635036494
09/24/2021,0.49,0.91,1.31,1.83,73.98,-0.16775541795665638,0.003947368421052699,0.1250619195046443,9.220350364963508,9.220350364963508
09/25/2020,0.23,0.31,0.46,0.95,40.25,-0.7677554179566564,-0.8460526315789474,-0.7549380804953558,-24.509649635036496,-24.509649635036496
09/27/2021,0.5,0.94,1.34,1.85,75.45,-0.13775541795665647,0.033947368421052726,0.1450619195046443,10.690350364963507,10.690350364963507
09/28/2020,0.23,0.31,0.47,0.98,40.6,-0.7677554179566564,-0.8360526315789474,-0.7249380804953558,-24.159649635036494,-24.159649635036494
09/28/2021,0.49,0.96,1.37,1.9,75.29,-0.11775541795665645,0.06394736842105275,0.19506191950464413,10.53035036496351,10.53035036496351
09/29/2020,0.22,0.3,0.46,0.96,39.29,-0.7777554179566564,-0.8460526315789474,-0.7449380804953558,-25.469649635036497,-25.469649635036497
09/29/2021,0.52,0.98,1.4,1.92,74.83,-0.09775541795665643,0.09394736842105256,0.21506191950464415,10.070350364963502,10.070350364963502
09/30/2020,0.23,0.31,0.48,0.99,40.22,-0.7677554179566564,-0.8260526315789474,-0.7149380804953558,-24.539649635036497,-24.539649635036497
09/30/2021,,,,,75.03,,,,10.270350364963505,10.270350364963505
10/01/2020,0.22,0.3,0.47,0.95,38.72,-0.7777554179566564,-0.8360526315789474,-0.7549380804953558,-26.039649635036497,-26.039649635036497
10/01/2021,0.5,0.94,1.35,1.89,75.88,-0.13775541795665647,0.043947368421052735,0.18506191950464412,11.1203503649635,11.1203503649635
10/02/2020,0.22,0.3,0.47,0.97,37.05,-0.7777554179566564,-0.8360526315789474,-0.7349380804953558,-27.7096496350365,-27.7096496350365
10/04/2021,0.51,0.96,1.37,1.9,77.62,-0.11775541795665645,0.06394736842105275,0.19506191950464413,12.860350364963509,12.860350364963509
10/05/2020,0.22,0.33,0.52,1.03,39.22,-0.7477554179566563,-0.7860526315789473,-0.6749380804953558,-25.539649635036497,-25.539649635036497
10/05/2021,0.52,0.98,1.41,1.94,78.93,-0.09775541795665643,0.10394736842105257,0.23506191950464417,14.170350364963511,14.170350364963511
10/06/2020,0.22,0.31,0.49,0.99,40.67,-0.7677554179566564,-0.8160526315789474,-0.7149380804953558,-24.089649635036494,-24.089649635036494
10/06/2021,0.52,0.96,1.38,1.92,77.43,-0.11775541795665645,0.07394736842105254,0.21506191950464415,12.670350364963511,12.670350364963511
10/07/2020,0.23,0.33,0.53,1.05,39.95,-0.7477554179566563,-0.7760526315789473,-0.6549380804953557,-24.809649635036493,-24.809649635036493
10/07/2021,0.55,1.01,1.44,1.97,78.3,-0.0677554179566564,0.1339473684210526,0.2650619195046442,13.540350364963501,13.540350364963501
10/08/2020,0.22,0.32,0.51,1.05,41.19,-0.7577554179566564,-0.7960526315789473,-0.6549380804953557,-23.569649635036498,-23.569649635036498
10/08/2021,0.6,1.08,1.5,2.02,79.35,0.002244582043343657,0.19394736842105265,0.31506191950464424,14.590350364963498,14.590350364963498
10/09/2020,0.21,0.33,0.53,1.07,40.6,-0.7477554179566563,-0.7760526315789473,-0.6349380804953557,-24.159649635036494,-24.159649635036494
10/11/2021,,,,,80.52,,,,15.7603503649635,15.7603503649635
10/12/2020,,,,,39.43,,,,-25.329649635036496,-25.329649635036496
10/12/2021,0.66,1.12,1.51,2.0,80.64,0.04224458204334369,0.20394736842105265,0.2950619195046442,15.880350364963505,15.880350364963505
10/13/2020,0.2,0.31,0.48,1.03,40.2,-0.7677554179566564,-0.8260526315789474,-0.6749380804953558,-24.559649635036493,-24.559649635036493
10/13/2021,0.69,1.15,1.5,1.96,80.44,0.0722445820433435,0.19394736842105265,0.2550619195046442,15.680350364963502,15.680350364963502
10/14/2020,0.2,0.3,0.48,1.02,41.04,-0.7777554179566564,-0.8260526315789474,-0.6849380804953558,-23.719649635036497,-23.719649635036497
10/14/2021,0.63,1.07,1.43,1.91,81.31,-0.007755417956656352,0.12394736842105258,0.20506191950464414,16.550350364963506,16.550350364963506
10/15/2020,0.19,0.3,0.47,1.0,40.96,-0.7777554179566564,-0.8360526315789474,-0.7049380804953558,-23.799649635036495,-23.799649635036495
10/15/2021,0.67,1.12,1.47,1.93,82.28,0.04224458204334369,0.16394736842105262,0.22506191950464416,17.520350364963505,17.520350364963505
10/16/2020,0.19,0.3,0.47,1.0,40.88,-0.7777554179566564,-0.8360526315789474,-0.7049380804953558,-23.879649635036493,-23.879649635036493
10/18/2021,0.73,1.17,1.49,1.92,82.44,0.09224458204334351,0.18394736842105264,0.21506191950464415,17.680350364963502,17.680350364963502
10/19/2020,0.19,0.31,0.49,1.02,40.83,-0.7677554179566564,-0.8160526315789474,-0.6849380804953558,-23.929649635036498,-23.929649635036498
10/19/2021,0.74,1.19,1.53,1.96,82.96,0.11224458204334353,0.22394736842105267,0.2550619195046442,18.200350364963498,18.200350364963498
10/20/2020,0.2,0.32,0.51,1.06,41.46,-0.7577554179566564,-0.7960526315789473,-0.6449380804953557,-23.299649635036495,-23.299649635036495
10/20/2021,0.71,1.17,1.53,1.98,83.87,0.09224458204334351,0.22394736842105267,0.2750619195046442,19.11035036496351,19.11035036496351
10/21/2020,0.2,0.32,0.51,1.04,40.03,-0.7577554179566564,-0.7960526315789473,-0.6649380804953557,-24.729649635036495,-24.729649635036495
10/21/2021,0.77,1.24,1.58,2.01,82.5,0.16224458204334358,0.2739473684210527,0.305061919504644,17.740350364963504,17.740350364963504
10/22/2020,0.21,0.34,0.55,1.08,40.64,-0.7377554179566563,-0.7560526315789473,-0.6249380804953557,-24.119649635036495,-24.119649635036495
10/22/2021,0.79,1.22,1.56,1.99,83.76,0.14224458204334356,0.2539473684210527,0.2850619195046442,19.00035036496351,19.00035036496351
10/23/2020,0.21,0.33,0.53,1.07,39.85,-0.7477554179566563,-0.7760526315789473,-0.6349380804953557,-24.909649635036494,-24.909649635036494
10/25/2021,0.77,1.22,1.56,2.0,83.76,0.14224458204334356,0.2539473684210527,0.2950619195046442,19.00035036496351,19.00035036496351
10/26/2020,0.21,0.33,0.52,1.04,38.56,-0.7477554179566563,-0.7860526315789473,-0.6649380804953557,-26.199649635036494,-26.199649635036494
10/26/2021,0.78,1.22,1.53,1.95,84.65,0.14224458204334356,0.22394736842105267,0.24506191950464418,19.89035036496351,19.89035036496351
10/27/2020,0.21,0.32,0.5,1.02,39.57,-0.7577554179566564,-0.8060526315789474,-0.6849380804953558,-25.189649635036496,-25.189649635036496
10/27/2021,0.98,1.33,1.54,1.88,82.66,0.25224458204334366,0.23394736842105268,0.17506191950464411,17.9003503649635,17.9003503649635
10/28/2020,0.21,0.32,0.5,1.01,37.39,-0.7577554179566564,-0.8060526315789474,-0.6949380804953558,-27.369649635036495,-27.369649635036495
10/28/2021,0.92,1.32,1.59,1.91,82.81,0.24224458204334365,0.2839473684210527,0.20506191950464414,18.050350364963506,18.050350364963506
10/29/2020,0.23,0.34,0.53,1.05,36.17,-0.7377554179566563,-0.7760526315789473,-0.6549380804953557,-28.589649635036494,-28.589649635036494
10/29/2021,1.0,1.39,1.65,1.98,83.57,0.3122445820433435,0.34394736842105256,0.2750619195046442,18.810350364963497,18.810350364963497
10/30/2020,0.24,0.35,0.56,1.08,35.79,-0.7277554179566564,-0.7460526315789473,-0.6249380804953557,-28.969649635036497,-28.969649635036497
11/01/2021,0.99,1.39,1.67,2.0,84.05,0.3122445820433435,0.3639473684210526,0.2950619195046442,19.2903503649635,19.2903503649635
11/02/2020,0.24,0.35,0.54,1.06,36.81,-0.7277554179566564,-0.7660526315789473,-0.6449380804953557,-27.949649635036494,-27.949649635036494
11/02/2021,1.0,1.37,1.64,2.0,83.91,0.2922445820433437,0.33394736842105255,0.2950619195046442,19.1503503649635,19.1503503649635
11/03/2020,0.25,0.37,0.58,1.1,37.66,-0.7077554179566564,-0.7260526315789474,-0.6049380804953557,-27.0996496350365,-27.0996496350365
11/03/2021,0.99,1.36,1.64,2.0,80.86,0.2822445820433437,0.33394736842105255,0.2950619195046442,16.100350364963504,16.100350364963504
11/04/2020,0.24,0.34,0.52,1.03,39.15,-0.7377554179566563,-0.7860526315789473,-0.6749380804953558,-25.609649635036497,-25.609649635036497
11/04/2021,0.94,1.29,1.56,1.95,78.81,0.21224458204334362,0.2539473684210527,0.24506191950464418,14.050350364963506,14.050350364963506
11/05/2020,0.23,0.34,0.52,1.03,38.79,-0.7377554179566563,-0.7860526315789473,-0.6749380804953558,-25.969649635036497,-25.969649635036497
11/05/2021,0.89,1.26,1.51,1.9,81.27,0.1822445820433436,0.20394736842105265,0.19506191950464413,16.5103503649635,16.5103503649635
11/06/2020,0.24,0.35,0.54,1.06,37.14,-0.7277554179566564,-0.7660526315789473,-0.6449380804953557,-27.619649635036495,-27.619649635036495
11/08/2021,0.92,1.3,1.55,1.92,81.93,0.22224458204334363,0.2439473684210527,0.21506191950464415,17.17035036496351,17.17035036496351
11/09/2020,0.27,0.41,0.64,1.16,40.29,-0.6677554179566565,-0.6660526315789473,-0.5449380804953559,-24.469649635036497,-24.469649635036497
11/09/2021,0.89,1.26,1.51,1.89,84.15,0.1822445820433436,0.20394736842105265,0.18506191950464412,19.39035036496351,19.39035036496351
11/10/2020,0.26,0.42,0.66,1.17,41.36,-0.6577554179566565,-0.6460526315789473,-0.5349380804953558,-23.399649635036496,-23.399649635036496
11/10/2021,0.97,1.36,1.61,1.96,81.34,0.2822445820433437,0.30394736842105274,0.2550619195046442,16.580350364963508,16.580350364963508
11/11/2020,,,,,41.45,,,,-23.309649635036493,-23.309649635036493
11/11/2021,,,,,81.59,,,,16.830350364963508,16.830350364963508
11/12/2020,0.25,0.39,0.61,1.11,41.12,-0.6877554179566564,-0.6960526315789474,-0.5949380804953557,-23.6396496350365,-23.6396496350365
11/12/2021,0.95,1.35,1.59,1.97,80.79,0.2722445820433437,0.2839473684210527,0.2650619195046442,16.03035036496351,16.03035036496351
11/13/2020,0.26,0.4,0.62,1.12,40.13,-0.6777554179566564,-0.6860526315789474,-0.5849380804953557,-24.629649635036493,-24.629649635036493
11/15/2021,0.97,1.38,1.64,2.02,80.88,0.3022445820433435,0.33394736842105255,0.31506191950464424,16.1203503649635,16.1203503649635
11/16/2020,0.26,0.4,0.62,1.12,41.34,-0.6777554179566564,-0.6860526315789474,-0.5849380804953557,-23.419649635036492,-23.419649635036492
11/16/2021,1.02,1.44,1.7,2.06,80.76,0.36224458204334353,0.3939473684210526,0.3550619195046443,16.00035036496351,16.00035036496351
11/17/2020,0.25,0.38,0.59,1.08,41.43,-0.6977554179566564,-0.7160526315789474,-0.6249380804953557,-23.329649635036496,-23.329649635036496
11/17/2021,0.98,1.38,1.62,2.0,78.36,0.3022445820433435,0.31394736842105275,0.2950619195046442,13.600350364963504,13.600350364963504
11/18/2020,0.26,0.39,0.6,1.08,41.82,-0.6877554179566564,-0.7060526315789474,-0.6249380804953557,-22.939649635036496,-22.939649635036496
11/18/2021,0.98,1.37,1.61,2.0,79.01,0.2922445820433437,0.30394736842105274,0.2950619195046442,14.25035036496351,14.25035036496351
11/19/2020,0.26,0.38,0.58,1.05,41.74,-0.6977554179566564,-0.7260526315789474,-0.6549380804953557,-23.019649635036494,-23.019649635036494
11/19/2021,0.96,1.35,1.58,1.96,76.1,0.2722445820433437,0.2739473684210527,0.2550619195046442,11.340350364963498,11.340350364963498
11/20/2020,0.25,0.37,0.56,1.01,42.15,-0.7077554179566564,-0.7460526315789473,-0.6949380804953558,-22.609649635036497,-22.609649635036497
11/22/2021,1.05,1.46,1.68,2.05,76.75,0.38224458204334355,0.3739473684210526,0.34506191950464404,11.990350364963504,11.990350364963504
11/23/2020,0.26,0.38,0.59,1.04,43.06,-0.6977554179566564,-0.7160526315789474,-0.6649380804953557,-21.699649635036494,-21.699649635036494
11/23/2021,1.04,1.47,1.72,2.1,78.5,0.39224458204334356,0.4139473684210526,0.3950619195046443,13.740350364963504,13.740350364963504
11/24/2020,0.26,0.39,0.61,1.07,44.91,-0.6877554179566564,-0.6960526315789474,-0.6349380804953557,-19.8496496350365,-19.8496496350365
11/24/2021,1.04,1.46,1.69,2.03,78.39,0.38224458204334355,0.3839473684210526,0.325061919504644,13.630350364963505,13.630350364963505
11/25/2020,0.26,0.39,0.6,1.06,45.71,-0.6877554179566564,-0.7060526315789474,-0.6449380804953557,-19.049649635036495,-19.049649635036495
11/25/2021,1.03,1.46,1.69,2.03,77.41,0.38224458204334355,0.3839473684210526,0.325061919504644,12.6503503649635,12.6503503649635
11/26/2020,0.25,0.38,0.59,1.05,44.98,-0.6977554179566564,-0.7160526315789474,-0.6549380804953557,-19.7796496350365,-19.7796496350365
11/26/2021,0.9,1.29,1.5,1.95,68.15,0.21224458204334362,0.19394736842105265,0.24506191950464418,3.39035036496351,3.39035036496351
11/27/2020,0.24,0.37,0.57,1.02,45.53,-0.7077554179566564,-0.7360526315789474,-0.6849380804953558,-19.229649635036495,-19.229649635036495
11/29/2021,0.92,1.31,1.53,1.9,69.95,0.23224458204334364,0.22394736842105267,0.19506191950464413,5.190350364963507,5.190350364963507
11/30/2020,0.24,0.37,0.58,1.02,45.34,-0.7077554179566564,-0.7260526315789474,-0.6849380804953558,-19.419649635036492,-19.419649635036492
11/30/2021,0.95,1.31,1.49,1.86,66.18,0.23224458204334364,0.18394736842105264,0.15506191950464432,1.420350364963511,1.420350364963511
12/01/2020,0.25,0.4,0.63,1.08,44.55,-0.6777554179566564,-0.6760526315789473,-0.6249380804953557,-20.2096496350365,-20.2096496350365
12/01/2021,0.92,1.26,1.42,1.77,65.57,0.1822445820433436,0.11394736842105258,0.06506191950464424,0.8103503649634973,0.8103503649634973
12/02/2020,0.26,0.41,0.66,1.17,45.28,-0.6677554179566565,-0.6460526315789473,-0.5349380804953558,-19.479649635036495,-19.479649635036495
12/02/2021,0.93,1.27,1.43,1.77,66.5,0.1922445820433436,0.12394736842105258,0.06506191950464424,1.7403503649635041,1.7403503649635041
12/03/2020,0.26,0.4,0.64,1.15,45.64,-0.6777554179566564,-0.6660526315789473,-0.5549380804953559,-19.119649635036495,-19.119649635036495
12/03/2021,0.98,1.28,1.39,1.72,66.26,0.2022445820433436,0.08394736842105255,0.015061919504644194,1.5003503649635093,1.5003503649635093
12/04/2020,0.27,0.43,0.7,1.22,46.26,-0.6477554179566565,-0.6060526315789474,-0.4849380804953558,-18.499649635036498,-18.499649635036498
12/06/2021,1.03,1.34,1.46,1.77,69.49,0.26224458204334367,0.1539473684210526,0.06506191950464424,4.730350364963499,4.730350364963499
12/07/2020,0.27,0.42,0.67,1.19,45.76,-0.6577554179566565,-0.6360526315789473,-0.5149380804953558,-18.999649635036498,-18.999649635036498
12/07/2021,1.11,1.41,1.53,1.81,72.05,0.3322445820433435,0.22394736842105267,0.10506191950464427,7.290350364963501,7.290350364963501
12/08/2020,0.27,0.41,0.65,1.18,45.6,-0.6677554179566565,-0.6560526315789473,-0.5249380804953558,-19.159649635036494,-19.159649635036494
12/08/2021,1.04,1.37,1.51,1.82,72.36,0.2922445820433437,0.20394736842105265,0.11506191950464428,7.600350364963504,7.600350364963504
12/09/2020,0.27,0.41,0.65,1.18,45.52,-0.6677554179566565,-0.6560526315789473,-0.5249380804953558,-19.239649635036493,-19.239649635036493
12/09/2021,0.96,1.28,1.44,1.79,70.94,0.2022445820433436,0.1339473684210526,0.08506191950464426,6.180350364963502,6.180350364963502
12/10/2020,0.26,0.4,0.64,1.16,46.78,-0.6777554179566564,-0.6660526315789473,-0.5449380804953559,-17.979649635036495,-17.979649635036495
12/10/2021,0.93,1.24,1.41,1.78,71.67,0.16224458204334358,0.10394736842105257,0.07506191950464425,6.910350364963506,6.910350364963506
12/11/2020,0.25,0.38,0.61,1.15,46.57,-0.6977554179566564,-0.6960526315789474,-0.5549380804953559,-18.189649635036496,-18.189649635036496
12/13/2021,0.89,1.17,1.33,1.72,71.29,0.09224458204334351,0.023947368421052717,0.015061919504644194,6.53035036496351,6.53035036496351
12/14/2020,0.25,0.39,0.62,1.16,46.99,-0.6877554179566564,-0.6860526315789474,-0.5449380804953559,-17.769649635036494,-17.769649635036494
12/14/2021,0.91,1.21,1.37,1.76,70.73,0.13224458204334355,0.06394736842105275,0.05506191950464423,5.970350364963508,5.970350364963508
12/15/2020,0.25,0.39,0.63,1.18,47.62,-0.6877554179566564,-0.6760526315789473,-0.5249380804953558,-17.1396496350365,-17.1396496350365
12/15/2021,0.91,1.19,1.35,1.72,70.87,0.11224458204334353,0.043947368421052735,0.015061919504644194,6.110350364963509,6.110350364963509
12/16/2020,0.24,0.38,0.63,1.18,47.82,-0.6977554179566564,-0.6760526315789473,-0.5249380804953558,-16.939649635036496,-16.939649635036496
12/16/2021,0.87,1.12,1.29,1.67,72.38,0.04224458204334369,-0.01605263157894732,-0.03493808049535585,7.6203503649635,7.6203503649635
12/17/2020,0.24,0.39,0.64,1.18,48.36,-0.6877554179566564,-0.6660526315789473,-0.5249380804953558,-16.399649635036496,-16.399649635036496
12/17/2021,0.87,1.12,1.26,1.64,70.86,0.04224458204334369,-0.046052631578947345,-0.06493808049535588,6.100350364963504,6.100350364963504
12/18/2020,0.24,0.38,0.64,1.17,49.1,-0.6977554179566564,-0.6660526315789473,-0.5349380804953558,-15.659649635036494,-15.659649635036494
12/20/2021,0.89,1.15,1.32,1.71,68.23,0.0722445820433435,0.013947368421052708,0.005061919504644186,3.470350364963508,3.470350364963508
12/21/2020,0.23,0.37,0.62,1.17,47.74,-0.7077554179566564,-0.6860526315789474,-0.5349380804953558,-17.019649635036494,-17.019649635036494
12/21/2021,0.94,1.22,1.38,1.74,71.12,0.14224458204334356,0.07394736842105254,0.03506191950464421,6.360350364963509,6.360350364963509
12/22/2020,0.22,0.36,0.6,1.14,47.02,-0.7177554179566564,-0.7060526315789474,-0.5649380804953559,-17.739649635036493,-17.739649635036493
12/22/2021,0.93,1.19,1.35,1.71,72.76,0.11224458204334353,0.043947368421052735,0.005061919504644186,8.00035036496351,8.00035036496351
12/23/2020,0.22,0.37,0.63,1.17,48.12,-0.7077554179566564,-0.6760526315789473,-0.5349380804953558,-16.6396496350365,-16.6396496350365
12/23/2021,0.94,1.2,1.37,1.73,73.79,0.12224458204334354,0.06394736842105275,0.025061919504644203,9.03035036496351,9.03035036496351
12/24/2020,0.21,0.36,0.62,1.15,48.23,-0.7177554179566564,-0.6860526315789474,-0.5549380804953559,-16.5296496350365,-16.5296496350365
12/24/2021,0.95,1.22,1.39,1.75,,0.14224458204334356,0.08394736842105255,0.04506191950464422,,
12/27/2021,,,,,75.57,,,,10.810350364963497,10.810350364963497
12/28/2020,,,,,47.62,,,,-17.1396496350365,-17.1396496350365
12/28/2021,,,,,75.98,,,,11.220350364963508,11.220350364963508
12/29/2020,0.21,0.35,0.61,1.14,48.0,-0.7277554179566564,-0.6960526315789474,-0.5649380804953559,-16.759649635036496,-16.759649635036496
12/29/2021,0.95,1.23,1.41,1.75,76.56,0.15224458204334357,0.10394736842105257,0.04506191950464422,11.800350364963506,11.800350364963506
12/30/2020,0.2,0.35,0.6,1.13,48.4,-0.7277554179566564,-0.7060526315789474,-0.5749380804953559,-16.359649635036497,-16.359649635036497
12/30/2021,0.94,1.22,1.38,1.7,76.99,0.14224458204334356,0.07394736842105254,-0.004938080495355823,12.230350364963499,12.230350364963499
12/31/2020,0.2,0.33,0.58,1.1,48.52,-0.7477554179566563,-0.7260526315789474,-0.6049380804953557,-16.239649635036493,-16.239649635036493
12/31/2021,0.91,1.18,1.36,1.66,75.21,0.10224458204334352,0.053947368421052744,-0.04493808049535586,10.450350364963498,10.450350364963498
